{
 "burnRateMetricKey": "func:slo.errorBudgetBurnRate.smarter___service_availability",
 "enabled": true,
 "errorBudgetBurnRate": {
  "burnRateVisualizationEnabled": true,
  "fastBurnThreshold": 10
 },
 "errorBudgetMetricKey": "func:slo.errorBudget.smarter___service_availability",
 "evaluationType": "AGGREGATE",
 "filter": "",
 "metricDenominator": "",
 "metricExpression": "(100)*(builtin:service.errors.server.successCount:filter(and(or(in(\"dt.entity.service\",entitySelector(\"type(service),serviceType(~\"WEB_SERVICE~\")\")),in(\"dt.entity.service\",entitySelector(\"type(service),serviceType(~\"WEB_REQUEST_SERVICE~\")\"))))):splitBy())/(builtin:service.requestCount.server:filter(and(or(in(\"dt.entity.service\",entitySelector(\"type(service),serviceType(~\"WEB_SERVICE~\")\")),in(\"dt.entity.service\",entitySelector(\"type(service),serviceType(~\"WEB_REQUEST_SERVICE~\")\"))))):splitBy())",
 "metricKey": "func:slo.smarter___service_availability",
 "metricNumerator": "",
 "metricRate": "",
 "name": "{{.name}}",
 "normalizedErrorBudgetMetricKey": "func:slo.normalizedErrorBudget.smarter___service_availability",
 "target": 95,
 "timeframe": "-1w",
 "useRateMetric": true,
 "warning": 98
}
