 {
  "metadata": {
    "configurationVersions": [
      6
    ],
    "clusterVersion": "1.257.164.20221230-102519"
  },
  "id": "bbbbbbbb-a003-a017-0007-000000000133",
  "dashboardMetadata": {
    "name": "✔ Infrastructure",
    "shared": true,
    "owner": "jean.louis.lormeau@dynatrace.com",
    "tags": [
      "Configurator",
      "smarter"
    ],
    "popularity": 1,
    "hasConsistentColors": false
  },
  "tiles": [
    {
      "name": "Markdown",
      "tileType": "MARKDOWN",
      "configured": true,
      "bounds": {
        "top": 0,
        "left": 1254,
        "width": 266,
        "height": 38
      },
      "tileFilter": {},
      "markdown": "🏠 [Dynatrace: simply smarter](#dashboard;id=bbbbbbbb-a003-a017-0000-000000000133)\n"
    },
    {
      "name": "Markdown",
      "tileType": "MARKDOWN",
      "configured": true,
      "bounds": {
        "top": 38,
        "left": 1102,
        "width": 266,
        "height": 190
      },
      "tileFilter": {},
      "markdown": "🔍 [Digital experience](#dashboard;id=bbbbbbbb-a003-a017-0002-000000000133)\n***\n\n- [web applications](#dashboard;id=bbbbbbbb-a003-a017-0002-000000000133)\n- [mobile or custom app](#dashboard;id=bbbbbbbb-a003-a017-0003-000000000133)\n- [synthetic (browser)](#dashboard;id=bbbbbbbb-a003-a017-0004-000000000133) \n- [visits↗](/ui/user-sessions) \n- [frustrated visits↗](/ui/user-sessions?gwtMpd=Y&filtrfilterUXScore=1&filter=uxScore:Frustrating) \n"
    },
    {
      "name": "Markdown",
      "tileType": "MARKDOWN",
      "configured": true,
      "bounds": {
        "top": 38,
        "left": 1368,
        "width": 266,
        "height": 190
      },
      "tileFilter": {},
      "markdown": "🔍 [Services](#dashboard;id=bbbbbbbb-a003-a017-0001-000000000133) \n***\n\n- [services](#dashboard;id=bbbbbbbb-a003-a017-0001-000000000133) \n- [database services](#dashboard;id=bbbbbbbb-a003-a017-0005-000000000133) \n- [synthetic (service)](#dashboard;id=bbbbbbbb-a003-a017-0006-000000000133) \n- [slow requests↗](/ui/diagnostictools/mda?mdaId=topweb&metric=REQUEST_COUNT&dimension=%7BRequest:Name%7D&mergeServices=false&aggregation=COUNT&percentile=80&chart=COLUMN&servicefilter=0%1E0%11500000%144611686018427387%1026%111%1026%112) \n- [failed requests↗](/ui/diagnostictools/mda?mdaId=topweb&metric=REQUEST_COUNT&dimension=%7BRequest:Name%7D&mergeServices=false&aggregation=COUNT&percentile=80&chart=COLUMN&servicefilter=0%1E3%110%1026%112%1026%111) \n"
    },
    {
      "name": "Markdown",
      "tileType": "MARKDOWN",
      "configured": true,
      "bounds": {
        "top": 38,
        "left": 1634,
        "width": 266,
        "height": 190
      },
      "tileFilter": {},
      "markdown": "## 🔍 [Infrastructure & cloud](#dashboard;id=bbbbbbbb-a003-a017-0007-000000000133)\n***\n- ✅ [infrastructure](#dashboard;id=bbbbbbbb-a003-a017-0007-000000000133)\n- [logs↗](/ui/logs-events)\n- [techno↗](#newprocessessummary)\n- [containers↗](/ui/entity/list/CONTAINER_GROUP)\n- [kubernetes↗](/ui/kubernetes)"
    },
    {
      "name": "Problems",
      "nameSize": "small",
      "tileType": "OPEN_PROBLEMS",
      "configured": true,
      "bounds": {
        "top": 38,
        "left": 76,
        "width": 152,
        "height": 152
      },
      "tileFilter": {}
    },
    {
      "name": "Host health",
      "nameSize": "small",
      "tileType": "HOSTS",
      "configured": true,
      "bounds": {
        "top": 0,
        "left": 836,
        "width": 152,
        "height": 190
      },
      "tileFilter": {},
      "chartVisible": true
    },
    {
      "name": "🚦Health",
      "tileType": "HEADER",
      "configured": true,
      "bounds": {
        "top": 0,
        "left": 304,
        "width": 342,
        "height": 38
      },
      "tileFilter": {}
    },
    {
      "name": "Network status",
      "tileType": "NETWORK_MEDIUM",
      "configured": true,
      "bounds": {
        "top": 304,
        "left": 1634,
        "width": 304,
        "height": 152
      },
      "tileFilter": {}
    },
    {
      "name": "CPU",
      "tileType": "HEADER",
      "configured": true,
      "bounds": {
        "top": 494,
        "left": 0,
        "width": 304,
        "height": 38
      },
      "tileFilter": {}
    },
    {
      "name": "Network",
      "tileType": "HEADER",
      "configured": true,
      "bounds": {
        "top": 494,
        "left": 1026,
        "width": 304,
        "height": 38
      },
      "tileFilter": {}
    },
    {
      "name": "Process CPU",
      "tileType": "HEADER",
      "configured": true,
      "bounds": {
        "top": 1254,
        "left": 1026,
        "width": 342,
        "height": 38
      },
      "tileFilter": {}
    },
    {
      "name": "Markdown",
      "tileType": "MARKDOWN",
      "configured": true,
      "bounds": {
        "top": 1292,
        "left": 1026,
        "width": 988,
        "height": 38
      },
      "tileFilter": {},
      "markdown": "- - - "
    },
    {
      "name": "Service health",
      "nameSize": "small",
      "tileType": "SERVICES",
      "configured": true,
      "bounds": {
        "top": 38,
        "left": 532,
        "width": 152,
        "height": 152
      },
      "tileFilter": {},
      "chartVisible": true
    },
    {
      "name": "Database health",
      "nameSize": "small",
      "tileType": "DATABASES_OVERVIEW",
      "configured": true,
      "bounds": {
        "top": 38,
        "left": 684,
        "width": 152,
        "height": 152
      },
      "tileFilter": {},
      "chartVisible": true
    },
    {
      "name": "Markdown",
      "tileType": "MARKDOWN",
      "configured": true,
      "bounds": {
        "top": 532,
        "left": 0,
        "width": 988,
        "height": 38
      },
      "tileFilter": {},
      "markdown": "- - - "
    },
    {
      "name": "Markdown",
      "tileType": "MARKDOWN",
      "configured": true,
      "bounds": {
        "top": 266,
        "left": 722,
        "width": 266,
        "height": 38
      },
      "tileFilter": {},
      "markdown": "- - - "
    },
    {
      "name": "Markdown",
      "tileType": "MARKDOWN",
      "configured": true,
      "bounds": {
        "top": 266,
        "left": 418,
        "width": 266,
        "height": 38
      },
      "tileFilter": {},
      "markdown": "- - - "
    },
    {
      "name": "Markdown",
      "tileType": "MARKDOWN",
      "configured": true,
      "bounds": {
        "top": 266,
        "left": 114,
        "width": 266,
        "height": 38
      },
      "tileFilter": {},
      "markdown": "- - - "
    },
    {
      "name": "CPU",
      "tileType": "HEADER",
      "configured": true,
      "bounds": {
        "top": 228,
        "left": 114,
        "width": 304,
        "height": 38
      },
      "tileFilter": {}
    },
    {
      "name": "Markdown",
      "tileType": "MARKDOWN",
      "configured": true,
      "bounds": {
        "top": 266,
        "left": 1026,
        "width": 266,
        "height": 38
      },
      "tileFilter": {},
      "markdown": "- - - "
    },
    {
      "name": "Markdown",
      "tileType": "MARKDOWN",
      "configured": true,
      "bounds": {
        "top": 266,
        "left": 1330,
        "width": 266,
        "height": 38
      },
      "tileFilter": {},
      "markdown": "- - - "
    },
    {
      "name": "Markdown",
      "tileType": "MARKDOWN",
      "configured": true,
      "bounds": {
        "top": 532,
        "left": 1026,
        "width": 988,
        "height": 38
      },
      "tileFilter": {},
      "markdown": "- - - "
    },
    {
      "name": "Memory",
      "tileType": "HEADER",
      "configured": true,
      "bounds": {
        "top": 228,
        "left": 418,
        "width": 304,
        "height": 38
      },
      "tileFilter": {}
    },
    {
      "name": "Page faults",
      "tileType": "HEADER",
      "configured": true,
      "bounds": {
        "top": 228,
        "left": 722,
        "width": 266,
        "height": 38
      },
      "tileFilter": {}
    },
    {
      "name": "Network metrics",
      "tileType": "NETWORK",
      "configured": true,
      "bounds": {
        "top": 570,
        "left": 1026,
        "width": 304,
        "height": 304
      },
      "tileFilter": {}
    },
    {
      "name": "Network",
      "tileType": "HEADER",
      "configured": true,
      "bounds": {
        "top": 228,
        "left": 1634,
        "width": 304,
        "height": 38
      },
      "tileFilter": {}
    },
    {
      "name": "Markdown",
      "tileType": "MARKDOWN",
      "configured": true,
      "bounds": {
        "top": 266,
        "left": 1634,
        "width": 304,
        "height": 38
      },
      "tileFilter": {},
      "markdown": "- - - "
    },
    {
      "name": "Disk",
      "tileType": "HEADER",
      "configured": true,
      "bounds": {
        "top": 228,
        "left": 1026,
        "width": 266,
        "height": 38
      },
      "tileFilter": {}
    },
    {
      "name": "DNS performance",
      "tileType": "HEADER",
      "configured": true,
      "bounds": {
        "top": 228,
        "left": 1330,
        "width": 266,
        "height": 38
      },
      "tileFilter": {}
    },
    {
      "name": "Markdown",
      "tileType": "MARKDOWN",
      "configured": true,
      "bounds": {
        "top": 912,
        "left": 1026,
        "width": 988,
        "height": 38
      },
      "tileFilter": {},
      "markdown": "- - - "
    },
    {
      "name": "Process memory",
      "tileType": "HEADER",
      "configured": true,
      "bounds": {
        "top": 874,
        "left": 1026,
        "width": 342,
        "height": 38
      },
      "tileFilter": {}
    },
    {
      "name": "",
      "nameSize": "small",
      "tileType": "SYNTHETIC_TESTS",
      "configured": true,
      "bounds": {
        "top": 38,
        "left": 380,
        "width": 152,
        "height": 152
      },
      "tileFilter": {},
      "filterConfig": {
        "type": "WEB_CHECK",
        "customName": "Synthetic",
        "defaultName": "Active synthetic monitor",
        "chartConfig": {
          "legendShown": true,
          "type": "TIMESERIES",
          "series": [],
          "resultMetadata": {}
        },
        "filtersPerEntityType": {
          "WEB_CHECK": {
            "WEBCHECK_STATUS": [
              "Active"
            ]
          }
        }
      },
      "chartVisible": true
    },
    {
      "name": "Memory",
      "tileType": "HEADER",
      "configured": true,
      "bounds": {
        "top": 874,
        "left": 0,
        "width": 304,
        "height": 38
      },
      "tileFilter": {}
    },
    {
      "name": "Markdown",
      "tileType": "MARKDOWN",
      "configured": true,
      "bounds": {
        "top": 912,
        "left": 0,
        "width": 988,
        "height": 38
      },
      "tileFilter": {},
      "markdown": "- - - "
    },
    {
      "name": "Markdown",
      "tileType": "MARKDOWN",
      "configured": true,
      "bounds": {
        "top": 1292,
        "left": 0,
        "width": 988,
        "height": 38
      },
      "tileFilter": {},
      "markdown": "- - - "
    },
    {
      "name": "Disk",
      "tileType": "HEADER",
      "configured": true,
      "bounds": {
        "top": 1254,
        "left": 0,
        "width": 304,
        "height": 38
      },
      "tileFilter": {}
    },
    {
      "name": "TOP1 - CPU usage %",
      "tileType": "DATA_EXPLORER",
      "configured": true,
      "bounds": {
        "top": 304,
        "left": 114,
        "width": 266,
        "height": 152
      },
      "tileFilter": {},
      "customName": "TOP1 - CPU usage %",
      "queries": [
        {
          "id": "A",
          "metric": "builtin:host.cpu.usage",
          "spaceAggregation": "AVG",
          "timeAggregation": "DEFAULT",
          "splitBy": [
            "dt.entity.host"
          ],
          "filterBy": {
            "filterOperator": "AND",
            "nestedFilters": [],
            "criteria": []
          },
          "enabled": true
        }
      ],
      "visualConfig": {
        "type": "SINGLE_VALUE",
        "global": {},
        "rules": [
          {
            "matcher": "A",
            "properties": {
              "seriesType": "LINE"
            },
            "seriesOverrides": []
          },
          {
            "matcher": "A:",
            "properties": {
              "color": "DEFAULT"
            },
            "seriesOverrides": []
          }
        ],
        "axes": {
          "xAxis": {
            "displayName": "",
            "visible": true
          },
          "yAxes": [
            {
              "displayName": "",
              "visible": true,
              "min": "AUTO",
              "max": "AUTO",
              "position": "LEFT",
              "queryIds": [
                "A",
                ""
              ],
              "defaultAxis": true
            }
          ]
        },
        "heatmapSettings": {
          "yAxis": "VALUE"
        },
        "thresholds": [],
        "tableSettings": {},
        "graphChartSettings": {
          "connectNulls": false
        },
        "honeycombSettings": {
          "showHive": true,
          "showLegend": true,
          "showLabels": false
        }
      },
      "metricExpressions": [
        "resolution=Inf&(builtin:host.cpu.usage:splitBy():avg:auto:sort(value(avg,descending)):limit(20)):limit(100):names",
        "resolution=null&(builtin:host.cpu.usage:splitBy():avg:auto:sort(value(avg,descending)):limit(20))"
      ]
    },
    {
      "name": "TOP1 - memory used %",
      "tileType": "DATA_EXPLORER",
      "configured": true,
      "bounds": {
        "top": 304,
        "left": 418,
        "width": 266,
        "height": 152
      },
      "tileFilter": {},
      "customName": "TOP1 - memory used %",
      "queries": [
        {
          "id": "A",
          "metric": "builtin:host.mem.usage",
          "spaceAggregation": "AVG",
          "timeAggregation": "DEFAULT",
          "splitBy": [
            "dt.entity.host"
          ],
          "filterBy": {
            "filterOperator": "AND",
            "nestedFilters": [],
            "criteria": []
          },
          "enabled": true
        }
      ],
      "visualConfig": {
        "type": "SINGLE_VALUE",
        "global": {},
        "rules": [
          {
            "matcher": "A",
            "properties": {
              "seriesType": "LINE"
            },
            "seriesOverrides": []
          },
          {
            "matcher": "A:",
            "properties": {
              "color": "DEFAULT"
            },
            "seriesOverrides": []
          }
        ],
        "axes": {
          "xAxis": {
            "displayName": "",
            "visible": true
          },
          "yAxes": [
            {
              "displayName": "",
              "visible": true,
              "min": "AUTO",
              "max": "AUTO",
              "position": "LEFT",
              "queryIds": [
                "A",
                ""
              ],
              "defaultAxis": true
            }
          ]
        },
        "heatmapSettings": {
          "yAxis": "VALUE"
        },
        "thresholds": [],
        "tableSettings": {},
        "graphChartSettings": {
          "connectNulls": false
        },
        "honeycombSettings": {
          "showHive": true,
          "showLegend": true,
          "showLabels": false
        }
      },
      "metricExpressions": [
        "resolution=Inf&(builtin:host.mem.usage:splitBy():avg:auto:sort(value(avg,descending)):limit(20)):limit(100):names",
        "resolution=null&(builtin:host.mem.usage:splitBy():avg:auto:sort(value(avg,descending)):limit(20))"
      ]
    },
    {
      "name": "TOP1 - Page faults per second",
      "tileType": "DATA_EXPLORER",
      "configured": true,
      "bounds": {
        "top": 304,
        "left": 722,
        "width": 266,
        "height": 152
      },
      "tileFilter": {},
      "customName": "TOP1 - Page faults per second",
      "queries": [
        {
          "id": "A",
          "metric": "builtin:host.mem.avail.pfps",
          "spaceAggregation": "AVG",
          "timeAggregation": "DEFAULT",
          "splitBy": [
            "dt.entity.host"
          ],
          "filterBy": {
            "filterOperator": "AND",
            "nestedFilters": [],
            "criteria": []
          },
          "enabled": true
        }
      ],
      "visualConfig": {
        "type": "SINGLE_VALUE",
        "global": {},
        "rules": [
          {
            "matcher": "A",
            "properties": {
              "seriesType": "LINE"
            },
            "seriesOverrides": []
          },
          {
            "matcher": "A:",
            "properties": {
              "color": "DEFAULT"
            },
            "seriesOverrides": []
          }
        ],
        "axes": {
          "xAxis": {
            "displayName": "",
            "visible": true
          },
          "yAxes": [
            {
              "displayName": "",
              "visible": true,
              "min": "AUTO",
              "max": "AUTO",
              "position": "LEFT",
              "queryIds": [
                "A",
                ""
              ],
              "defaultAxis": true
            }
          ]
        },
        "heatmapSettings": {
          "yAxis": "VALUE"
        },
        "thresholds": [],
        "tableSettings": {},
        "graphChartSettings": {
          "connectNulls": false
        },
        "honeycombSettings": {
          "showHive": true,
          "showLegend": true,
          "showLabels": false
        }
      },
      "metricExpressions": [
        "resolution=Inf&(builtin:host.mem.avail.pfps:splitBy():avg:auto:sort(value(avg,descending)):limit(20)):limit(100):names",
        "resolution=null&(builtin:host.mem.avail.pfps:splitBy():avg:auto:sort(value(avg,descending)):limit(20))"
      ]
    },
    {
      "name": "TOP1 - Disk used %",
      "tileType": "DATA_EXPLORER",
      "configured": true,
      "bounds": {
        "top": 304,
        "left": 1026,
        "width": 266,
        "height": 152
      },
      "tileFilter": {},
      "customName": "TOP1 - Disk used %",
      "queries": [
        {
          "id": "A",
          "metric": "builtin:host.disk.usedPct",
          "spaceAggregation": "AVG",
          "timeAggregation": "DEFAULT",
          "splitBy": [
            "dt.entity.disk"
          ],
          "filterBy": {
            "filterOperator": "AND",
            "nestedFilters": [],
            "criteria": []
          },
          "enabled": true
        }
      ],
      "visualConfig": {
        "type": "SINGLE_VALUE",
        "global": {},
        "rules": [
          {
            "matcher": "A",
            "properties": {
              "seriesType": "LINE"
            },
            "seriesOverrides": []
          },
          {
            "matcher": "A:",
            "properties": {
              "color": "DEFAULT"
            },
            "seriesOverrides": []
          }
        ],
        "axes": {
          "xAxis": {
            "displayName": "",
            "visible": true
          },
          "yAxes": [
            {
              "displayName": "",
              "visible": true,
              "min": "AUTO",
              "max": "AUTO",
              "position": "LEFT",
              "queryIds": [
                "A",
                ""
              ],
              "defaultAxis": true
            }
          ]
        },
        "heatmapSettings": {
          "yAxis": "VALUE"
        },
        "thresholds": [],
        "tableSettings": {},
        "graphChartSettings": {
          "connectNulls": false
        },
        "honeycombSettings": {
          "showHive": true,
          "showLegend": true,
          "showLabels": false
        }
      },
      "metricExpressions": [
        "resolution=Inf&(builtin:host.disk.usedPct:splitBy():avg:auto:sort(value(avg,descending)):limit(20)):limit(100):names",
        "resolution=null&(builtin:host.disk.usedPct:splitBy():avg:auto:sort(value(avg,descending)):limit(20))"
      ]
    },
    {
      "name": "DNS query time",
      "tileType": "DATA_EXPLORER",
      "configured": true,
      "bounds": {
        "top": 304,
        "left": 1330,
        "width": 266,
        "height": 152
      },
      "tileFilter": {},
      "customName": "DNS query time",
      "queries": [
        {
          "id": "A",
          "metric": "builtin:host.dns.queryTime",
          "spaceAggregation": "AVG",
          "timeAggregation": "DEFAULT",
          "splitBy": [
            "dnsServerIp",
            "dt.entity.host"
          ],
          "filterBy": {
            "filterOperator": "AND",
            "nestedFilters": [],
            "criteria": []
          },
          "enabled": true
        }
      ],
      "visualConfig": {
        "type": "SINGLE_VALUE",
        "global": {},
        "rules": [
          {
            "matcher": "A",
            "properties": {
              "seriesType": "LINE"
            },
            "seriesOverrides": []
          },
          {
            "matcher": "A:",
            "properties": {
              "color": "DEFAULT"
            },
            "seriesOverrides": []
          }
        ],
        "axes": {
          "xAxis": {
            "displayName": "",
            "visible": true
          },
          "yAxes": [
            {
              "displayName": "",
              "visible": true,
              "min": "AUTO",
              "max": "AUTO",
              "position": "LEFT",
              "queryIds": [
                "A",
                ""
              ],
              "defaultAxis": true
            }
          ]
        },
        "heatmapSettings": {
          "yAxis": "VALUE"
        },
        "thresholds": [],
        "tableSettings": {},
        "graphChartSettings": {
          "connectNulls": false
        },
        "honeycombSettings": {
          "showHive": true,
          "showLegend": true,
          "showLabels": false
        }
      },
      "metricExpressions": [
        "resolution=Inf&(builtin:host.dns.queryTime:splitBy():avg:auto:sort(value(avg,descending)):limit(20)):limit(100):names",
        "resolution=null&(builtin:host.dns.queryTime:splitBy():avg:auto:sort(value(avg,descending)):limit(20))"
      ]
    },
    {
      "name": "CPU usage by host",
      "tileType": "DATA_EXPLORER",
      "configured": true,
      "bounds": {
        "top": 570,
        "left": 0,
        "width": 304,
        "height": 304
      },
      "tileFilter": {},
      "customName": "CPU usage by host",
      "queries": [
        {
          "id": "A",
          "metric": "builtin:host.cpu.usage",
          "spaceAggregation": "AVG",
          "timeAggregation": "DEFAULT",
          "splitBy": [
            "dt.entity.host"
          ],
          "filterBy": {
            "filterOperator": "AND",
            "nestedFilters": [],
            "criteria": []
          },
          "enabled": true
        }
      ],
      "visualConfig": {
        "type": "TOP_LIST",
        "global": {},
        "rules": [
          {
            "matcher": "A",
            "properties": {
              "seriesType": "LINE"
            },
            "seriesOverrides": []
          },
          {
            "matcher": "A:",
            "properties": {
              "color": "DEFAULT"
            },
            "seriesOverrides": []
          }
        ],
        "axes": {
          "xAxis": {
            "displayName": "",
            "visible": true
          },
          "yAxes": [
            {
              "displayName": "",
              "visible": true,
              "min": "AUTO",
              "max": "AUTO",
              "position": "LEFT",
              "queryIds": [
                "A"
              ],
              "defaultAxis": true
            }
          ]
        },
        "heatmapSettings": {
          "yAxis": "VALUE"
        },
        "thresholds": [],
        "tableSettings": {},
        "graphChartSettings": {
          "connectNulls": false
        },
        "honeycombSettings": {
          "showHive": true,
          "showLegend": true,
          "showLabels": false
        }
      },
      "metricExpressions": [
        "resolution=Inf&(builtin:host.cpu.usage:splitBy(\"dt.entity.host\"):avg:auto:sort(value(avg,descending)):limit(20)):limit(100):names"
      ]
    },
    {
      "name": "Memory usage by container",
      "tileType": "DATA_EXPLORER",
      "configured": true,
      "bounds": {
        "top": 950,
        "left": 304,
        "width": 304,
        "height": 304
      },
      "tileFilter": {},
      "customName": "Memory usage by container",
      "queries": [
        {
          "id": "A",
          "metric": "builtin:containers.memory.usagePercent",
          "spaceAggregation": "AVG",
          "timeAggregation": "DEFAULT",
          "splitBy": [
            "dt.entity.container_group_instance"
          ],
          "filterBy": {
            "filterOperator": "AND",
            "nestedFilters": [],
            "criteria": []
          },
          "enabled": true
        }
      ],
      "visualConfig": {
        "type": "TOP_LIST",
        "global": {},
        "rules": [
          {
            "matcher": "A",
            "properties": {
              "seriesType": "LINE"
            },
            "seriesOverrides": []
          },
          {
            "matcher": "A:",
            "properties": {
              "color": "DEFAULT"
            },
            "seriesOverrides": []
          }
        ],
        "axes": {
          "xAxis": {
            "displayName": "",
            "visible": true
          },
          "yAxes": [
            {
              "displayName": "",
              "visible": true,
              "min": "AUTO",
              "max": "AUTO",
              "position": "LEFT",
              "queryIds": [
                "A"
              ],
              "defaultAxis": true
            }
          ]
        },
        "heatmapSettings": {
          "yAxis": "VALUE"
        },
        "thresholds": [],
        "tableSettings": {},
        "graphChartSettings": {
          "connectNulls": false
        },
        "honeycombSettings": {
          "showHive": true,
          "showLegend": true,
          "showLabels": false
        }
      },
      "metricExpressions": [
        "resolution=Inf&(builtin:containers.memory.usagePercent:splitBy(\"dt.entity.container_group_instance\"):avg:auto:sort(value(avg,descending)):limit(20)):limit(100):names"
      ]
    },
    {
      "name": "CPU usage by host",
      "tileType": "DATA_EXPLORER",
      "configured": true,
      "bounds": {
        "top": 722,
        "left": 608,
        "width": 380,
        "height": 152
      },
      "tileFilter": {},
      "customName": "CPU usage by host",
      "queries": [
        {
          "id": "A",
          "metric": "builtin:host.cpu.usage",
          "spaceAggregation": "AVG",
          "timeAggregation": "DEFAULT",
          "splitBy": [
            "dt.entity.host"
          ],
          "filterBy": {
            "filterOperator": "AND",
            "nestedFilters": [],
            "criteria": []
          },
          "enabled": true
        }
      ],
      "visualConfig": {
        "type": "SINGLE_VALUE",
        "global": {},
        "rules": [
          {
            "matcher": "A",
            "properties": {
              "seriesType": "LINE"
            },
            "seriesOverrides": []
          },
          {
            "matcher": "A:",
            "properties": {
              "color": "DEFAULT"
            },
            "seriesOverrides": []
          }
        ],
        "axes": {
          "xAxis": {
            "displayName": "",
            "visible": true
          },
          "yAxes": [
            {
              "displayName": "",
              "visible": true,
              "min": "AUTO",
              "max": "AUTO",
              "position": "LEFT",
              "queryIds": [
                "A",
                ""
              ],
              "defaultAxis": true
            }
          ]
        },
        "heatmapSettings": {
          "yAxis": "VALUE"
        },
        "thresholds": [],
        "tableSettings": {},
        "graphChartSettings": {
          "connectNulls": false
        },
        "honeycombSettings": {
          "showHive": true,
          "showLegend": true,
          "showLabels": false
        }
      },
      "metricExpressions": [
        "resolution=Inf&(builtin:host.cpu.usage:splitBy():avg:auto:sort(value(avg,descending)):limit(20)):limit(100):names",
        "resolution=null&(builtin:host.cpu.usage:splitBy():avg:auto:sort(value(avg,descending)):limit(20))"
      ]
    },
    {
      "name": "Traffic in/out",
      "tileType": "DATA_EXPLORER",
      "configured": true,
      "bounds": {
        "top": 570,
        "left": 1330,
        "width": 684,
        "height": 304
      },
      "tileFilter": {},
      "customName": "Traffic in/out",
      "queries": [
        {
          "id": "A",
          "metric": "builtin:host.net.nic.trafficIn",
          "spaceAggregation": "AVG",
          "timeAggregation": "DEFAULT",
          "splitBy": [],
          "filterBy": {
            "filterOperator": "AND",
            "nestedFilters": [],
            "criteria": []
          },
          "enabled": true
        },
        {
          "id": "B",
          "metric": "builtin:host.net.nic.trafficOut",
          "spaceAggregation": "AVG",
          "timeAggregation": "DEFAULT",
          "splitBy": [],
          "filterBy": {
            "filterOperator": "AND",
            "nestedFilters": [],
            "criteria": []
          },
          "enabled": true
        }
      ],
      "visualConfig": {
        "type": "GRAPH_CHART",
        "global": {},
        "rules": [
          {
            "matcher": "A:",
            "properties": {
              "color": "DEFAULT",
              "seriesType": "AREA"
            },
            "seriesOverrides": []
          },
          {
            "matcher": "B:",
            "properties": {
              "color": "DEFAULT",
              "seriesType": "AREA"
            },
            "seriesOverrides": []
          }
        ],
        "axes": {
          "xAxis": {
            "displayName": "",
            "visible": true
          },
          "yAxes": [
            {
              "displayName": "",
              "visible": true,
              "min": "AUTO",
              "max": "AUTO",
              "position": "LEFT",
              "queryIds": [
                "A",
                "B"
              ],
              "defaultAxis": true
            }
          ]
        },
        "heatmapSettings": {
          "yAxis": "VALUE"
        },
        "thresholds": [
          {
            "axisTarget": "LEFT",
            "rules": [
              {
                "color": "#7dc540"
              },
              {
                "color": "#f5d30f"
              },
              {
                "color": "#dc172a"
              }
            ],
            "visible": true
          }
        ],
        "tableSettings": {},
        "graphChartSettings": {
          "connectNulls": false
        },
        "honeycombSettings": {
          "showHive": true,
          "showLegend": true,
          "showLabels": false
        }
      },
      "metricExpressions": [
        "resolution=null&(builtin:host.net.nic.trafficIn:splitBy():avg:auto:sort(value(avg,descending)):limit(20)):limit(100):names,(builtin:host.net.nic.trafficOut:splitBy():avg:auto:sort(value(avg,descending)):limit(20)):limit(100):names"
      ]
    },
    {
      "name": "Memory usage by host",
      "tileType": "DATA_EXPLORER",
      "configured": true,
      "bounds": {
        "top": 950,
        "left": 0,
        "width": 304,
        "height": 304
      },
      "tileFilter": {},
      "customName": "Memory usage by host",
      "queries": [
        {
          "id": "A",
          "metric": "builtin:host.mem.usage",
          "spaceAggregation": "AVG",
          "timeAggregation": "DEFAULT",
          "splitBy": [
            "dt.entity.host"
          ],
          "filterBy": {
            "filterOperator": "AND",
            "nestedFilters": [],
            "criteria": []
          },
          "enabled": true
        }
      ],
      "visualConfig": {
        "type": "TOP_LIST",
        "global": {},
        "rules": [
          {
            "matcher": "A",
            "properties": {
              "seriesType": "LINE"
            },
            "seriesOverrides": []
          },
          {
            "matcher": "A:",
            "properties": {
              "color": "DEFAULT"
            },
            "seriesOverrides": []
          }
        ],
        "axes": {
          "xAxis": {
            "displayName": "",
            "visible": true
          },
          "yAxes": [
            {
              "displayName": "",
              "visible": true,
              "min": "AUTO",
              "max": "AUTO",
              "position": "LEFT",
              "queryIds": [
                "A"
              ],
              "defaultAxis": true
            }
          ]
        },
        "heatmapSettings": {
          "yAxis": "VALUE"
        },
        "thresholds": [],
        "tableSettings": {},
        "graphChartSettings": {
          "connectNulls": false
        },
        "honeycombSettings": {
          "showHive": true,
          "showLegend": true,
          "showLabels": false
        }
      },
      "metricExpressions": [
        "resolution=Inf&(builtin:host.mem.usage:splitBy(\"dt.entity.host\"):avg:auto:sort(value(avg,descending)):limit(20)):limit(100):names"
      ]
    },
    {
      "name": "Memory usage by host",
      "tileType": "DATA_EXPLORER",
      "configured": true,
      "bounds": {
        "top": 1102,
        "left": 608,
        "width": 380,
        "height": 152
      },
      "tileFilter": {},
      "customName": "Memory usage by host",
      "queries": [
        {
          "id": "A",
          "metric": "builtin:host.mem.usage",
          "spaceAggregation": "AVG",
          "timeAggregation": "DEFAULT",
          "splitBy": [
            "dt.entity.host"
          ],
          "filterBy": {
            "filterOperator": "AND",
            "nestedFilters": [],
            "criteria": []
          },
          "enabled": true
        }
      ],
      "visualConfig": {
        "type": "SINGLE_VALUE",
        "global": {},
        "rules": [
          {
            "matcher": "A",
            "properties": {
              "seriesType": "LINE"
            },
            "seriesOverrides": []
          },
          {
            "matcher": "A:",
            "properties": {
              "color": "DEFAULT"
            },
            "seriesOverrides": []
          }
        ],
        "axes": {
          "xAxis": {
            "displayName": "",
            "visible": true
          },
          "yAxes": [
            {
              "displayName": "",
              "visible": true,
              "min": "AUTO",
              "max": "AUTO",
              "position": "LEFT",
              "queryIds": [
                "A",
                ""
              ],
              "defaultAxis": true
            }
          ]
        },
        "heatmapSettings": {
          "yAxis": "VALUE"
        },
        "thresholds": [],
        "tableSettings": {},
        "graphChartSettings": {
          "connectNulls": false
        },
        "honeycombSettings": {
          "showHive": true,
          "showLegend": true,
          "showLabels": false
        }
      },
      "metricExpressions": [
        "resolution=Inf&(builtin:host.mem.usage:splitBy():avg:auto:sort(value(avg,descending)):limit(20)):limit(100):names",
        "resolution=null&(builtin:host.mem.usage:splitBy():avg:auto:sort(value(avg,descending)):limit(20))"
      ]
    },
    {
      "name": "Process memory usage",
      "tileType": "DATA_EXPLORER",
      "configured": true,
      "bounds": {
        "top": 950,
        "left": 1026,
        "width": 380,
        "height": 304
      },
      "tileFilter": {},
      "customName": "Process memory usage",
      "queries": [
        {
          "id": "A",
          "metric": "builtin:tech.generic.mem.usage",
          "spaceAggregation": "AVG",
          "timeAggregation": "DEFAULT",
          "splitBy": [
            "dt.entity.process_group_instance"
          ],
          "filterBy": {
            "filterOperator": "AND",
            "nestedFilters": [],
            "criteria": []
          },
          "enabled": true
        }
      ],
      "visualConfig": {
        "type": "TOP_LIST",
        "global": {},
        "rules": [
          {
            "matcher": "A",
            "properties": {
              "seriesType": "LINE"
            },
            "seriesOverrides": []
          },
          {
            "matcher": "A:",
            "properties": {
              "color": "DEFAULT"
            },
            "seriesOverrides": []
          }
        ],
        "axes": {
          "xAxis": {
            "displayName": "",
            "visible": true
          },
          "yAxes": [
            {
              "displayName": "",
              "visible": true,
              "min": "AUTO",
              "max": "AUTO",
              "position": "LEFT",
              "queryIds": [
                "A"
              ],
              "defaultAxis": true
            }
          ]
        },
        "heatmapSettings": {
          "yAxis": "VALUE"
        },
        "thresholds": [],
        "tableSettings": {},
        "graphChartSettings": {
          "connectNulls": false
        },
        "honeycombSettings": {
          "showHive": true,
          "showLegend": true,
          "showLabels": false
        }
      },
      "metricExpressions": [
        "resolution=Inf&(builtin:tech.generic.mem.usage:splitBy(\"dt.entity.process_group_instance\"):avg:auto:sort(value(avg,descending)):limit(20)):limit(100):names"
      ]
    },
    {
      "name": "Process memory usage",
      "tileType": "DATA_EXPLORER",
      "configured": true,
      "bounds": {
        "top": 950,
        "left": 1406,
        "width": 608,
        "height": 304
      },
      "tileFilter": {},
      "customName": "Process memory usage",
      "queries": [
        {
          "id": "A",
          "metric": "builtin:tech.generic.mem.usage",
          "spaceAggregation": "AVG",
          "timeAggregation": "DEFAULT",
          "splitBy": [
            "dt.entity.process_group_instance"
          ],
          "filterBy": {
            "filterOperator": "AND",
            "nestedFilters": [],
            "criteria": []
          },
          "enabled": true
        }
      ],
      "visualConfig": {
        "type": "GRAPH_CHART",
        "global": {},
        "rules": [
          {
            "matcher": "A:",
            "properties": {
              "color": "DEFAULT"
            },
            "seriesOverrides": []
          }
        ],
        "axes": {
          "xAxis": {
            "displayName": "",
            "visible": true
          },
          "yAxes": [
            {
              "displayName": "",
              "visible": true,
              "min": "AUTO",
              "max": "AUTO",
              "position": "LEFT",
              "queryIds": [
                "A"
              ],
              "defaultAxis": true
            }
          ]
        },
        "heatmapSettings": {
          "yAxis": "VALUE"
        },
        "thresholds": [
          {
            "axisTarget": "LEFT",
            "rules": [
              {
                "color": "#7dc540"
              },
              {
                "color": "#f5d30f"
              },
              {
                "color": "#dc172a"
              }
            ],
            "visible": true
          }
        ],
        "tableSettings": {},
        "graphChartSettings": {
          "connectNulls": false
        },
        "honeycombSettings": {
          "showHive": true,
          "showLegend": true,
          "showLabels": false
        }
      },
      "metricExpressions": [
        "resolution=null&(builtin:tech.generic.mem.usage:splitBy(\"dt.entity.process_group_instance\"):avg:auto:sort(value(avg,descending)):limit(20)):limit(100):names"
      ]
    },
    {
      "name": "Disk throughput write",
      "tileType": "DATA_EXPLORER",
      "configured": true,
      "bounds": {
        "top": 1330,
        "left": 0,
        "width": 304,
        "height": 304
      },
      "tileFilter": {},
      "customName": "Disk throughput write",
      "queries": [
        {
          "id": "A",
          "metric": "builtin:host.disk.throughput.write",
          "spaceAggregation": "AVG",
          "timeAggregation": "DEFAULT",
          "splitBy": [
            "dt.entity.host",
            "dt.entity.disk"
          ],
          "filterBy": {
            "filterOperator": "AND",
            "nestedFilters": [],
            "criteria": []
          },
          "enabled": true
        }
      ],
      "visualConfig": {
        "type": "TOP_LIST",
        "global": {},
        "rules": [
          {
            "matcher": "A",
            "properties": {
              "seriesType": "LINE"
            },
            "seriesOverrides": []
          },
          {
            "matcher": "A:",
            "properties": {
              "color": "DEFAULT"
            },
            "seriesOverrides": []
          }
        ],
        "axes": {
          "xAxis": {
            "displayName": "",
            "visible": true
          },
          "yAxes": [
            {
              "displayName": "",
              "visible": true,
              "min": "AUTO",
              "max": "AUTO",
              "position": "LEFT",
              "queryIds": [
                "A"
              ],
              "defaultAxis": true
            }
          ]
        },
        "heatmapSettings": {
          "yAxis": "VALUE"
        },
        "thresholds": [],
        "tableSettings": {},
        "graphChartSettings": {
          "connectNulls": false
        },
        "honeycombSettings": {
          "showHive": true,
          "showLegend": true,
          "showLabels": false
        }
      },
      "metricExpressions": [
        "resolution=Inf&(builtin:host.disk.throughput.write:splitBy(\"dt.entity.host\",\"dt.entity.disk\"):avg:auto:sort(value(avg,descending)):limit(20)):limit(100):names"
      ]
    },
    {
      "name": "Disk capacity by host",
      "tileType": "DATA_EXPLORER",
      "configured": true,
      "bounds": {
        "top": 1330,
        "left": 608,
        "width": 380,
        "height": 304
      },
      "tileFilter": {},
      "customName": "Disk capacity by host",
      "queries": [
        {
          "id": "A",
          "metric": "builtin:host.disk.usedPct",
          "spaceAggregation": "AVG",
          "timeAggregation": "DEFAULT",
          "splitBy": [
            "dt.entity.host",
            "dt.entity.disk"
          ],
          "filterBy": {
            "filterOperator": "AND",
            "nestedFilters": [],
            "criteria": []
          },
          "enabled": true
        }
      ],
      "visualConfig": {
        "type": "TOP_LIST",
        "global": {},
        "rules": [
          {
            "matcher": "A",
            "properties": {
              "seriesType": "LINE"
            },
            "seriesOverrides": []
          },
          {
            "matcher": "A:",
            "properties": {
              "color": "DEFAULT"
            },
            "seriesOverrides": []
          }
        ],
        "axes": {
          "xAxis": {
            "displayName": "",
            "visible": true
          },
          "yAxes": [
            {
              "displayName": "",
              "visible": true,
              "min": "AUTO",
              "max": "AUTO",
              "position": "LEFT",
              "queryIds": [
                "A"
              ],
              "defaultAxis": true
            }
          ]
        },
        "heatmapSettings": {
          "yAxis": "VALUE"
        },
        "thresholds": [],
        "tableSettings": {},
        "graphChartSettings": {
          "connectNulls": false
        },
        "honeycombSettings": {
          "showHive": true,
          "showLegend": true,
          "showLabels": false
        }
      },
      "metricExpressions": [
        "resolution=Inf&(builtin:host.disk.usedPct:splitBy(\"dt.entity.host\",\"dt.entity.disk\"):avg:auto:sort(value(avg,descending)):limit(20)):limit(100):names"
      ]
    },
    {
      "name": "Disk throughput read",
      "tileType": "DATA_EXPLORER",
      "configured": true,
      "bounds": {
        "top": 1330,
        "left": 304,
        "width": 304,
        "height": 304
      },
      "tileFilter": {},
      "customName": "Disk throughput read",
      "queries": [
        {
          "id": "A",
          "metric": "builtin:host.disk.throughput.read",
          "spaceAggregation": "AVG",
          "timeAggregation": "DEFAULT",
          "splitBy": [
            "dt.entity.host",
            "dt.entity.disk"
          ],
          "filterBy": {
            "filterOperator": "AND",
            "nestedFilters": [],
            "criteria": []
          },
          "enabled": true
        }
      ],
      "visualConfig": {
        "type": "TOP_LIST",
        "global": {},
        "rules": [
          {
            "matcher": "A",
            "properties": {
              "seriesType": "LINE"
            },
            "seriesOverrides": []
          },
          {
            "matcher": "A:",
            "properties": {
              "color": "DEFAULT"
            },
            "seriesOverrides": []
          }
        ],
        "axes": {
          "xAxis": {
            "displayName": "",
            "visible": true
          },
          "yAxes": [
            {
              "displayName": "",
              "visible": true,
              "min": "AUTO",
              "max": "AUTO",
              "position": "LEFT",
              "queryIds": [
                "A"
              ],
              "defaultAxis": true
            }
          ]
        },
        "heatmapSettings": {
          "yAxis": "VALUE"
        },
        "thresholds": [],
        "tableSettings": {},
        "graphChartSettings": {
          "connectNulls": false
        },
        "honeycombSettings": {
          "showHive": true,
          "showLegend": true,
          "showLabels": false
        }
      },
      "metricExpressions": [
        "resolution=Inf&(builtin:host.disk.throughput.read:splitBy(\"dt.entity.host\",\"dt.entity.disk\"):avg:auto:sort(value(avg,descending)):limit(20)):limit(100):names"
      ]
    },
    {
      "name": "Process CPU usage",
      "tileType": "DATA_EXPLORER",
      "configured": true,
      "bounds": {
        "top": 1330,
        "left": 1026,
        "width": 342,
        "height": 304
      },
      "tileFilter": {},
      "customName": "Process CPU usage",
      "queries": [
        {
          "id": "A",
          "metric": "builtin:tech.generic.cpu.usage",
          "spaceAggregation": "AVG",
          "timeAggregation": "DEFAULT",
          "splitBy": [
            "dt.entity.process_group_instance"
          ],
          "filterBy": {
            "filterOperator": "AND",
            "nestedFilters": [],
            "criteria": []
          },
          "enabled": true
        }
      ],
      "visualConfig": {
        "type": "TOP_LIST",
        "global": {},
        "rules": [
          {
            "matcher": "A",
            "properties": {
              "seriesType": "LINE"
            },
            "seriesOverrides": []
          },
          {
            "matcher": "A:",
            "properties": {
              "color": "DEFAULT"
            },
            "seriesOverrides": []
          }
        ],
        "axes": {
          "xAxis": {
            "displayName": "",
            "visible": true
          },
          "yAxes": [
            {
              "displayName": "",
              "visible": true,
              "min": "AUTO",
              "max": "AUTO",
              "position": "LEFT",
              "queryIds": [
                "A"
              ],
              "defaultAxis": true
            }
          ]
        },
        "heatmapSettings": {
          "yAxis": "VALUE"
        },
        "thresholds": [],
        "tableSettings": {},
        "graphChartSettings": {
          "connectNulls": false
        },
        "honeycombSettings": {
          "showHive": true,
          "showLegend": true,
          "showLabels": false
        }
      },
      "metricExpressions": [
        "resolution=Inf&(builtin:tech.generic.cpu.usage:splitBy(\"dt.entity.process_group_instance\"):avg:auto:sort(value(avg,descending)):limit(20)):limit(100):names"
      ]
    },
    {
      "name": "Process CPU usage",
      "tileType": "DATA_EXPLORER",
      "configured": true,
      "bounds": {
        "top": 1330,
        "left": 1368,
        "width": 646,
        "height": 304
      },
      "tileFilter": {},
      "customName": "Process CPU usage",
      "queries": [
        {
          "id": "A",
          "metric": "builtin:tech.generic.cpu.usage",
          "spaceAggregation": "AVG",
          "timeAggregation": "DEFAULT",
          "splitBy": [
            "dt.entity.process_group_instance"
          ],
          "filterBy": {
            "filterOperator": "AND",
            "nestedFilters": [],
            "criteria": []
          },
          "enabled": true
        }
      ],
      "visualConfig": {
        "type": "GRAPH_CHART",
        "global": {},
        "rules": [
          {
            "matcher": "A:",
            "properties": {
              "color": "DEFAULT"
            },
            "seriesOverrides": []
          }
        ],
        "axes": {
          "xAxis": {
            "displayName": "",
            "visible": true
          },
          "yAxes": [
            {
              "displayName": "",
              "visible": true,
              "min": "AUTO",
              "max": "AUTO",
              "position": "LEFT",
              "queryIds": [
                "A"
              ],
              "defaultAxis": true
            }
          ]
        },
        "heatmapSettings": {
          "yAxis": "VALUE"
        },
        "thresholds": [
          {
            "axisTarget": "LEFT",
            "rules": [
              {
                "color": "#7dc540"
              },
              {
                "color": "#f5d30f"
              },
              {
                "color": "#dc172a"
              }
            ],
            "visible": true
          }
        ],
        "tableSettings": {},
        "graphChartSettings": {
          "connectNulls": false
        },
        "honeycombSettings": {
          "showHive": true,
          "showLegend": true,
          "showLabels": false
        }
      },
      "metricExpressions": [
        "resolution=null&(builtin:tech.generic.cpu.usage:splitBy(\"dt.entity.process_group_instance\"):avg:auto:sort(value(avg,descending)):limit(20)):limit(100):names"
      ]
    },
    {
      "name": "Unavailability host",
      "tileType": "HEADER",
      "configured": true,
      "bounds": {
        "top": 1634,
        "left": 0,
        "width": 304,
        "height": 38
      },
      "tileFilter": {}
    },
    {
      "name": "Markdown",
      "tileType": "MARKDOWN",
      "configured": true,
      "bounds": {
        "top": 1672,
        "left": 0,
        "width": 988,
        "height": 38
      },
      "tileFilter": {},
      "markdown": "- - - "
    },
    {
      "name": "Unavailability rate",
      "tileType": "DATA_EXPLORER",
      "configured": true,
      "bounds": {
        "top": 1710,
        "left": 0,
        "width": 988,
        "height": 304
      },
      "tileFilter": {},
      "customName": "Disk throughput write",
      "queries": [
        {
          "id": "A",
          "timeAggregation": "DEFAULT",
          "splitBy": [],
          "metricSelector": "(100 - builtin:host.availability:splitBy(\"dt.entity.host\")):sort(value(auto,ascending)):limit(10)",
          "enabled": true
        }
      ],
      "visualConfig": {
        "type": "HEATMAP",
        "global": {
          "hideLegend": false
        },
        "rules": [
          {
            "matcher": "A:",
            "unitTransform": "auto",
            "valueFormat": "auto",
            "properties": {
              "color": "RED",
              "seriesType": "LINE"
            },
            "seriesOverrides": []
          }
        ],
        "axes": {
          "xAxis": {
            "visible": true
          },
          "yAxes": []
        },
        "heatmapSettings": {
          "yAxis": "DIMENSIONS"
        },
        "thresholds": [
          {
            "axisTarget": "LEFT",
            "rules": [
              {
                "color": "#7dc540"
              },
              {
                "color": "#f5d30f"
              },
              {
                "color": "#dc172a"
              }
            ],
            "queryId": "",
            "visible": true
          }
        ],
        "tableSettings": {
          "isThresholdBackgroundAppliedToCell": false
        },
        "graphChartSettings": {
          "connectNulls": false
        },
        "honeycombSettings": {
          "showHive": true,
          "showLegend": true,
          "showLabels": false
        }
      },
      "queriesSettings": {
        "resolution": ""
      },
      "metricExpressions": [
        "resolution=null&((100 - builtin:host.availability:splitBy(\"dt.entity.host\")):sort(value(auto,ascending)):limit(10)):limit(100):names"
      ]
    },
    {
      "name": "Resources available (host)",
      "tileType": "HEADER",
      "configured": true,
      "bounds": {
        "top": 1634,
        "left": 1026,
        "width": 418,
        "height": 38
      },
      "tileFilter": {}
    },
    {
      "name": "Markdown",
      "tileType": "MARKDOWN",
      "configured": true,
      "bounds": {
        "top": 1672,
        "left": 1026,
        "width": 988,
        "height": 38
      },
      "tileFilter": {},
      "markdown": "- - - "
    },
    {
      "name": "Memory resource",
      "tileType": "DATA_EXPLORER",
      "configured": true,
      "bounds": {
        "top": 1710,
        "left": 1520,
        "width": 494,
        "height": 304
      },
      "tileFilter": {},
      "customName": "Data explorer results",
      "queries": [
        {
          "id": "A",
          "timeAggregation": "DEFAULT",
          "splitBy": [],
          "metricSelector": "builtin:host.mem.avail.pct:filter(in(\"dt.entity.host\",entitySelector(\"type(HOST)\"))):splitBy()",
          "enabled": true
        }
      ],
      "visualConfig": {
        "type": "GRAPH_CHART",
        "global": {
          "hideLegend": false
        },
        "rules": [
          {
            "matcher": "A:",
            "properties": {
              "color": "DEFAULT"
            },
            "seriesOverrides": []
          }
        ],
        "axes": {
          "xAxis": {
            "displayName": "",
            "visible": true
          },
          "yAxes": [
            {
              "visible": true,
              "min": "1",
              "max": "100",
              "position": "LEFT",
              "queryIds": [
                "A"
              ],
              "defaultAxis": true
            }
          ]
        },
        "heatmapSettings": {
          "yAxis": "VALUE"
        },
        "thresholds": [
          {
            "axisTarget": "LEFT",
            "rules": [
              {
                "value": 20,
                "color": "#7dc540"
              },
              {
                "value": 10,
                "color": "#f5d30f"
              },
              {
                "value": 0,
                "color": "#dc172a"
              }
            ],
            "queryId": "",
            "visible": true
          }
        ],
        "tableSettings": {
          "isThresholdBackgroundAppliedToCell": false
        },
        "graphChartSettings": {
          "connectNulls": false
        },
        "honeycombSettings": {
          "showHive": true,
          "showLegend": true,
          "showLabels": false
        }
      },
      "queriesSettings": {
        "resolution": ""
      },
      "metricExpressions": [
        "resolution=null&(builtin:host.mem.avail.pct:filter(in(\"dt.entity.host\",entitySelector(\"type(HOST)\"))):splitBy()):limit(100):names"
      ]
    },
    {
      "name": "CPU available ",
      "tileType": "DATA_EXPLORER",
      "configured": true,
      "bounds": {
        "top": 1710,
        "left": 1026,
        "width": 494,
        "height": 304
      },
      "tileFilter": {},
      "customName": "Data explorer results",
      "queries": [
        {
          "id": "A",
          "timeAggregation": "DEFAULT",
          "splitBy": [],
          "metricSelector": "builtin:host.cpu.idle:filter(in(\"dt.entity.host\",entitySelector(\"type(HOST)\"))):splitBy()",
          "enabled": true
        }
      ],
      "visualConfig": {
        "type": "GRAPH_CHART",
        "global": {
          "hideLegend": false
        },
        "rules": [
          {
            "matcher": "A:",
            "properties": {
              "color": "DEFAULT"
            },
            "seriesOverrides": []
          }
        ],
        "axes": {
          "xAxis": {
            "displayName": "",
            "visible": true
          },
          "yAxes": [
            {
              "visible": true,
              "min": "1",
              "max": "100",
              "position": "LEFT",
              "queryIds": [
                "A"
              ],
              "defaultAxis": true
            }
          ]
        },
        "heatmapSettings": {
          "yAxis": "VALUE"
        },
        "thresholds": [
          {
            "axisTarget": "LEFT",
            "rules": [
              {
                "value": 20,
                "color": "#7dc540"
              },
              {
                "value": 10,
                "color": "#f5d30f"
              },
              {
                "value": 0,
                "color": "#dc172a"
              }
            ],
            "queryId": "",
            "visible": true
          }
        ],
        "tableSettings": {
          "isThresholdBackgroundAppliedToCell": false
        },
        "graphChartSettings": {
          "connectNulls": false
        },
        "honeycombSettings": {
          "showHive": true,
          "showLegend": true,
          "showLabels": false
        }
      },
      "queriesSettings": {
        "resolution": ""
      },
      "metricExpressions": [
        "resolution=null&(builtin:host.cpu.idle:filter(in(\"dt.entity.host\",entitySelector(\"type(HOST)\"))):splitBy()):limit(100):names"
      ]
    },
    {
      "name": "CPU idle % - (red<10% & green>20%)",
      "tileType": "DATA_EXPLORER",
      "configured": true,
      "bounds": {
        "top": 570,
        "left": 608,
        "width": 380,
        "height": 152
      },
      "tileFilter": {},
      "customName": "CPU usage %",
      "queries": [
        {
          "id": "A",
          "metric": "builtin:host.cpu.idle",
          "timeAggregation": "DEFAULT",
          "splitBy": [
            "dt.entity.host"
          ],
          "sortBy": "ASC",
          "filterBy": {
            "nestedFilters": [],
            "criteria": []
          },
          "limit": 20,
          "enabled": true
        }
      ],
      "visualConfig": {
        "type": "HONEYCOMB",
        "global": {
          "hideLegend": false
        },
        "rules": [
          {
            "matcher": "A:",
            "properties": {
              "color": "DEFAULT"
            },
            "seriesOverrides": []
          }
        ],
        "axes": {
          "xAxis": {
            "visible": true
          },
          "yAxes": []
        },
        "heatmapSettings": {
          "yAxis": "VALUE"
        },
        "thresholds": [
          {
            "axisTarget": "LEFT",
            "rules": [
              {
                "value": 20,
                "color": "#7dc540"
              },
              {
                "value": 10,
                "color": "#f5d30f"
              },
              {
                "value": 0,
                "color": "#dc172a"
              }
            ],
            "queryId": "",
            "visible": true
          }
        ],
        "tableSettings": {
          "isThresholdBackgroundAppliedToCell": false
        },
        "graphChartSettings": {
          "connectNulls": false
        },
        "honeycombSettings": {
          "showHive": true,
          "showLegend": false,
          "showLabels": false
        }
      },
      "queriesSettings": {
        "resolution": ""
      },
      "metricExpressions": [
        "resolution=Inf&(builtin:host.cpu.idle:splitBy(\"dt.entity.host\"):sort(value(auto,ascending)):limit(20)):names"
      ]
    },
    {
      "name": "Memory available % - (red<10% & green>20%)",
      "tileType": "DATA_EXPLORER",
      "configured": true,
      "bounds": {
        "top": 950,
        "left": 608,
        "width": 380,
        "height": 152
      },
      "tileFilter": {},
      "customName": "CPU usage %",
      "queries": [
        {
          "id": "A",
          "metric": "builtin:host.mem.avail.pct",
          "timeAggregation": "DEFAULT",
          "splitBy": [
            "dt.entity.host"
          ],
          "sortBy": "DESC",
          "filterBy": {
            "nestedFilters": [],
            "criteria": []
          },
          "limit": 20,
          "enabled": true
        }
      ],
      "visualConfig": {
        "type": "HONEYCOMB",
        "global": {
          "hideLegend": false
        },
        "rules": [
          {
            "matcher": "A:",
            "properties": {
              "color": "DEFAULT"
            },
            "seriesOverrides": []
          }
        ],
        "axes": {
          "xAxis": {
            "visible": true
          },
          "yAxes": []
        },
        "heatmapSettings": {
          "yAxis": "VALUE"
        },
        "thresholds": [
          {
            "axisTarget": "LEFT",
            "rules": [
              {
                "value": 20,
                "color": "#7dc540"
              },
              {
                "value": 10,
                "color": "#f5d30f"
              },
              {
                "value": 0,
                "color": "#dc172a"
              }
            ],
            "queryId": "",
            "visible": true
          }
        ],
        "tableSettings": {
          "isThresholdBackgroundAppliedToCell": false
        },
        "graphChartSettings": {
          "connectNulls": false
        },
        "honeycombSettings": {
          "showHive": true,
          "showLegend": false,
          "showLabels": false
        }
      },
      "queriesSettings": {
        "resolution": ""
      },
      "metricExpressions": [
        "resolution=Inf&(builtin:host.mem.avail.pct:splitBy(\"dt.entity.host\"):sort(value(auto,descending)):limit(20)):names"
      ]
    },
    {
      "name": "Markdown",
      "tileType": "MARKDOWN",
      "configured": true,
      "bounds": {
        "top": 0,
        "left": 1520,
        "width": 266,
        "height": 38
      },
      "tileFilter": {},
      "markdown": "🎯[SLO simply smarter](#dashboard;id=bbbbbbbb-a003-a017-0008-000000000133;) \n"
    },
    {
      "name": "CPU usage by container",
      "tileType": "DATA_EXPLORER",
      "configured": true,
      "bounds": {
        "top": 570,
        "left": 304,
        "width": 304,
        "height": 304
      },
      "tileFilter": {},
      "customName": "CPU usage by container",
      "queries": [
        {
          "id": "A",
          "metric": "builtin:containers.cpu.usageSystemMilliCores",
          "timeAggregation": "DEFAULT",
          "splitBy": [
            "dt.entity.container_group_instance"
          ],
          "filterBy": {
            "nestedFilters": [],
            "criteria": []
          },
          "enabled": true
        }
      ],
      "visualConfig": {
        "type": "TOP_LIST",
        "global": {},
        "rules": [
          {
            "matcher": "A",
            "properties": {
              "seriesType": "LINE"
            },
            "seriesOverrides": []
          },
          {
            "matcher": "A:",
            "properties": {
              "color": "DEFAULT"
            },
            "seriesOverrides": []
          }
        ],
        "axes": {
          "xAxis": {
            "visible": true
          },
          "yAxes": []
        },
        "heatmapSettings": {
          "yAxis": "VALUE"
        },
        "thresholds": [
          {
            "axisTarget": "LEFT",
            "rules": [
              {
                "color": "#7dc540"
              },
              {
                "color": "#f5d30f"
              },
              {
                "color": "#dc172a"
              }
            ],
            "visible": true
          }
        ],
        "tableSettings": {},
        "graphChartSettings": {
          "connectNulls": false
        },
        "honeycombSettings": {
          "showHive": true,
          "showLegend": true,
          "showLabels": false
        }
      },
      "queriesSettings": {
        "resolution": ""
      },
      "metricExpressions": [
        "resolution=Inf&(builtin:containers.cpu.usageSystemMilliCores:splitBy(\"dt.entity.container_group_instance\"):sort(value(auto,descending)):limit(20)):limit(100):names"
      ]
    },
    {
      "name": "",
      "nameSize": "small",
      "tileType": "APPLICATIONS",
      "configured": true,
      "bounds": {
        "top": 38,
        "left": 228,
        "width": 152,
        "height": 152
      },
      "tileFilter": {},
      "filterConfig": {
        "type": "APPLICATION",
        "customName": "Applications",
        "defaultName": "Monitored applications",
        "chartConfig": {
          "legendShown": true,
          "type": "TIMESERIES",
          "series": [],
          "resultMetadata": {}
        },
        "filtersPerEntityType": {
          "APPLICATION": {
            "APPLICATION_STATUS": [
              "0"
            ]
          }
        }
      },
      "chartVisible": true
    }
  ]
}