 {
  "metadata": {
    "configurationVersions": [
      6
    ],
    "clusterVersion": "1.257.164.20221230-102519"
  },
  "id": "bbbbbbbb-a003-a017-0006-000000000133",
  "dashboardMetadata": {
    "name": "✔ Synthetic (service)",
    "shared": true,
    "owner": "jean.louis.lormeau@dynatrace.com",
    "tags": [
      "Configurator",
      "smarter"
    ],
    "popularity": 1,
    "hasConsistentColors": false
  },
  "tiles": [
    {
      "name": "Markdown",
      "tileType": "MARKDOWN",
      "configured": true,
      "bounds": {
        "top": 0,
        "left": 1254,
        "width": 266,
        "height": 38
      },
      "tileFilter": {},
      "markdown": "🏠 [Dynatrace: simply smarter](#dashboard;id=bbbbbbbb-a003-a017-0000-000000000133)"
    },
    {
      "name": "Markdown",
      "tileType": "MARKDOWN",
      "configured": true,
      "bounds": {
        "top": 38,
        "left": 1102,
        "width": 266,
        "height": 190
      },
      "tileFilter": {},
      "markdown": "🔍 [Digital experience](#dashboard;id=bbbbbbbb-a003-a017-0002-000000000133)\n***\n\n- [web applications](#dashboard;id=bbbbbbbb-a003-a017-0002-000000000133)\n- [mobile or custom app](#dashboard;id=bbbbbbbb-a003-a017-0003-000000000133)\n- [synthetic (browser)](#dashboard;id=bbbbbbbb-a003-a017-0004-000000000133)\n- [visits↗](/ui/user-sessions) \n- [frustrated visits↗](/ui/user-sessions?gwtMpd=Y&filtrfilterUXScore=1&filter=uxScore:Frustrating)\n\n\n"
    },
    {
      "name": "Markdown",
      "tileType": "MARKDOWN",
      "configured": true,
      "bounds": {
        "top": 38,
        "left": 1368,
        "width": 266,
        "height": 190
      },
      "tileFilter": {},
      "markdown": "## 🔍 [Services](#dashboard;id=bbbbbbbb-a003-a017-0001-000000000133) \n***\n\n- [services](#dashboard;id=bbbbbbbb-a003-a017-0001-000000000133) \n- [database services](#dashboard;id=bbbbbbbb-a003-a017-0005-000000000133) \n- ✅ [synthetic (service)](#dashboard;id=bbbbbbbb-a003-a017-0006-000000000133) \n- [slow requests↗](/ui/diagnostictools/mda?mdaId=topweb&metric=REQUEST_COUNT&dimension=%7BRequest:Name%7D&mergeServices=false&aggregation=COUNT&percentile=80&chart=COLUMN&servicefilter=0%1E0%11500000%144611686018427387%1026%111%1026%112) \n- [failed requests↗](/ui/diagnostictools/mda?mdaId=topweb&metric=REQUEST_COUNT&dimension=%7BRequest:Name%7D&mergeServices=false&aggregation=COUNT&percentile=80&chart=COLUMN&servicefilter=0%1E3%110%1026%112%1026%111) \n"
    },
    {
      "name": "Markdown",
      "tileType": "MARKDOWN",
      "configured": true,
      "bounds": {
        "top": 38,
        "left": 1634,
        "width": 266,
        "height": 190
      },
      "tileFilter": {},
      "markdown": "🔍 [Infrastructure & cloud](#dashboard;id=bbbbbbbb-a003-a017-0007-000000000133)\n***\n- [infrastructure](#dashboard;id=bbbbbbbb-a003-a017-0007-000000000133)\n- [logs↗](/ui/logs-events)\n- [techno↗](#newprocessessummary)\n- [containers↗](/ui/entity/list/CONTAINER_GROUP)\n- [kubernetes↗](/ui/kubernetes)"
    },
    {
      "name": "🚦Health",
      "tileType": "HEADER",
      "configured": true,
      "bounds": {
        "top": 0,
        "left": 570,
        "width": 228,
        "height": 38
      },
      "tileFilter": {}
    },
    {
      "name": "Problems",
      "nameSize": "small",
      "tileType": "OPEN_PROBLEMS",
      "configured": true,
      "bounds": {
        "top": 38,
        "left": 76,
        "width": 152,
        "height": 152
      },
      "tileFilter": {}
    },
    {
      "name": "Service health",
      "nameSize": "small",
      "tileType": "SERVICES",
      "configured": true,
      "bounds": {
        "top": 38,
        "left": 532,
        "width": 152,
        "height": 152
      },
      "tileFilter": {},
      "chartVisible": true
    },
    {
      "name": "Database health",
      "nameSize": "small",
      "tileType": "DATABASES_OVERVIEW",
      "configured": true,
      "bounds": {
        "top": 38,
        "left": 684,
        "width": 152,
        "height": 152
      },
      "tileFilter": {},
      "chartVisible": true
    },
    {
      "name": "Host health",
      "nameSize": "small",
      "tileType": "HOSTS",
      "configured": true,
      "bounds": {
        "top": 38,
        "left": 836,
        "width": 152,
        "height": 152
      },
      "tileFilter": {},
      "chartVisible": true
    },
    {
      "name": "Markdown",
      "tileType": "MARKDOWN",
      "configured": true,
      "bounds": {
        "top": 532,
        "left": 0,
        "width": 988,
        "height": 38
      },
      "tileFilter": {},
      "markdown": "----"
    },
    {
      "name": "Number of tests",
      "tileType": "HEADER",
      "configured": true,
      "bounds": {
        "top": 228,
        "left": 418,
        "width": 266,
        "height": 38
      },
      "tileFilter": {}
    },
    {
      "name": "Response time",
      "tileType": "HEADER",
      "configured": true,
      "bounds": {
        "top": 228,
        "left": 722,
        "width": 266,
        "height": 38
      },
      "tileFilter": {}
    },
    {
      "name": "Execution Failed",
      "tileType": "HEADER",
      "configured": true,
      "bounds": {
        "top": 228,
        "left": 1026,
        "width": 266,
        "height": 38
      },
      "tileFilter": {}
    },
    {
      "name": "Markdown",
      "tileType": "MARKDOWN",
      "configured": true,
      "bounds": {
        "top": 532,
        "left": 1026,
        "width": 988,
        "height": 38
      },
      "tileFilter": {},
      "markdown": "----"
    },
    {
      "name": "Markdown",
      "tileType": "MARKDOWN",
      "configured": true,
      "bounds": {
        "top": 266,
        "left": 722,
        "width": 266,
        "height": 38
      },
      "tileFilter": {},
      "markdown": "----"
    },
    {
      "name": "Availability",
      "tileType": "HEADER",
      "configured": true,
      "bounds": {
        "top": 494,
        "left": 0,
        "width": 494,
        "height": 38
      },
      "tileFilter": {}
    },
    {
      "name": "Availability by geolocation",
      "tileType": "HEADER",
      "configured": true,
      "bounds": {
        "top": 494,
        "left": 1026,
        "width": 494,
        "height": 38
      },
      "tileFilter": {}
    },
    {
      "name": "Markdown",
      "tileType": "MARKDOWN",
      "configured": true,
      "bounds": {
        "top": 1292,
        "left": 0,
        "width": 988,
        "height": 38
      },
      "tileFilter": {},
      "markdown": "----"
    },
    {
      "name": "HTTP errors",
      "tileType": "HEADER",
      "configured": true,
      "bounds": {
        "top": 1254,
        "left": 0,
        "width": 494,
        "height": 38
      },
      "tileFilter": {}
    },
    {
      "name": "Markdown",
      "tileType": "MARKDOWN",
      "configured": true,
      "bounds": {
        "top": 266,
        "left": 418,
        "width": 266,
        "height": 38
      },
      "tileFilter": {},
      "markdown": "----"
    },
    {
      "name": "Markdown",
      "tileType": "MARKDOWN",
      "configured": true,
      "bounds": {
        "top": 266,
        "left": 1026,
        "width": 266,
        "height": 38
      },
      "tileFilter": {},
      "markdown": "----"
    },
    {
      "name": "Availability",
      "tileType": "HEADER",
      "configured": true,
      "bounds": {
        "top": 228,
        "left": 114,
        "width": 266,
        "height": 38
      },
      "tileFilter": {}
    },
    {
      "name": "Markdown",
      "tileType": "MARKDOWN",
      "configured": true,
      "bounds": {
        "top": 266,
        "left": 114,
        "width": 266,
        "height": 38
      },
      "tileFilter": {},
      "markdown": "----"
    },
    {
      "name": "Response time",
      "tileType": "HEADER",
      "configured": true,
      "bounds": {
        "top": 1254,
        "left": 1026,
        "width": 494,
        "height": 38
      },
      "tileFilter": {}
    },
    {
      "name": "Markdown",
      "tileType": "MARKDOWN",
      "configured": true,
      "bounds": {
        "top": 1292,
        "left": 1026,
        "width": 988,
        "height": 38
      },
      "tileFilter": {},
      "markdown": "----"
    },
    {
      "name": "",
      "nameSize": "small",
      "tileType": "SYNTHETIC_TESTS",
      "configured": true,
      "bounds": {
        "top": 0,
        "left": 380,
        "width": 152,
        "height": 190
      },
      "tileFilter": {},
      "filterConfig": {
        "type": "WEB_CHECK",
        "customName": "HTTP synthetic",
        "defaultName": "HTTP Active synthetic monitor",
        "chartConfig": {
          "legendShown": true,
          "type": "TIMESERIES",
          "series": [],
          "resultMetadata": {}
        },
        "filtersPerEntityType": {
          "WEB_CHECK": {
            "WEBCHECK_STATUS": [
              "Active"
            ],
            "WEBCHECK_TYPE": [
              "Basic HTTP"
            ]
          }
        }
      },
      "chartVisible": true
    },
    {
      "name": "Response size",
      "tileType": "HEADER",
      "configured": true,
      "bounds": {
        "top": 228,
        "left": 1634,
        "width": 266,
        "height": 38
      },
      "tileFilter": {}
    },
    {
      "name": "Markdown",
      "tileType": "MARKDOWN",
      "configured": true,
      "bounds": {
        "top": 266,
        "left": 1634,
        "width": 266,
        "height": 38
      },
      "tileFilter": {},
      "markdown": "----"
    },
    {
      "name": "HTTP monitors",
      "tileType": "DATA_EXPLORER",
      "configured": true,
      "bounds": {
        "top": 304,
        "left": 114,
        "width": 266,
        "height": 152
      },
      "tileFilter": {},
      "customName": "HTTP monitors",
      "queries": [
        {
          "id": "A",
          "metric": "builtin:synthetic.http.availability.location.totalWoMaintenanceWindow",
          "spaceAggregation": "AVG",
          "timeAggregation": "DEFAULT",
          "splitBy": [
            "dt.entity.http_check"
          ],
          "filterBy": {
            "filterOperator": "AND",
            "nestedFilters": [],
            "criteria": []
          },
          "enabled": true
        }
      ],
      "visualConfig": {
        "type": "SINGLE_VALUE",
        "global": {},
        "rules": [
          {
            "matcher": "A",
            "properties": {
              "seriesType": "LINE"
            },
            "seriesOverrides": []
          },
          {
            "matcher": "A:",
            "properties": {
              "color": "DEFAULT"
            },
            "seriesOverrides": []
          }
        ],
        "axes": {
          "xAxis": {
            "displayName": "",
            "visible": true
          },
          "yAxes": [
            {
              "displayName": "",
              "visible": true,
              "min": "AUTO",
              "max": "AUTO",
              "position": "LEFT",
              "queryIds": [
                "A",
                ""
              ],
              "defaultAxis": true
            }
          ]
        },
        "heatmapSettings": {
          "yAxis": "VALUE"
        },
        "thresholds": [],
        "tableSettings": {},
        "graphChartSettings": {
          "connectNulls": false
        },
        "honeycombSettings": {
          "showHive": true,
          "showLegend": true,
          "showLabels": false
        }
      },
      "metricExpressions": [
        "resolution=Inf&(builtin:synthetic.http.availability.location.totalWoMaintenanceWindow:splitBy():avg:auto:sort(value(avg,descending)):limit(20)):limit(100):names",
        "resolution=null&(builtin:synthetic.http.availability.location.totalWoMaintenanceWindow:splitBy():avg:auto:sort(value(avg,descending)):limit(20))"
      ]
    },
    {
      "name": "HTTP monitor",
      "tileType": "DATA_EXPLORER",
      "configured": true,
      "bounds": {
        "top": 304,
        "left": 418,
        "width": 266,
        "height": 152
      },
      "tileFilter": {},
      "customName": "HTTP monitor",
      "queries": [
        {
          "id": "A",
          "spaceAggregation": "AVG",
          "timeAggregation": "DEFAULT",
          "splitBy": [],
          "metricSelector": "builtin:billing.synthetic.requests:splitBy():value:auto:sort(value(sum,descending)):limit(10)",
          "enabled": true
        }
      ],
      "visualConfig": {
        "type": "SINGLE_VALUE",
        "global": {},
        "rules": [
          {
            "matcher": "A",
            "properties": {
              "seriesType": "LINE"
            },
            "seriesOverrides": []
          },
          {
            "matcher": "A:",
            "properties": {
              "color": "DEFAULT"
            },
            "seriesOverrides": []
          }
        ],
        "axes": {
          "xAxis": {
            "displayName": "",
            "visible": true
          },
          "yAxes": [
            {
              "displayName": "",
              "visible": true,
              "min": "AUTO",
              "max": "AUTO",
              "position": "LEFT",
              "queryIds": [
                "A",
                ""
              ],
              "defaultAxis": true
            }
          ]
        },
        "heatmapSettings": {
          "yAxis": "VALUE"
        },
        "thresholds": [],
        "tableSettings": {},
        "graphChartSettings": {
          "connectNulls": false
        },
        "honeycombSettings": {
          "showHive": true,
          "showLegend": true,
          "showLabels": false
        }
      },
      "metricExpressions": [
        "resolution=Inf&(builtin:billing.synthetic.requests:splitBy():value:auto:sort(value(sum,descending)):limit(10)):limit(100):names",
        "resolution=null&(builtin:billing.synthetic.requests:splitBy():value:auto:sort(value(sum,descending)):limit(10))"
      ]
    },
    {
      "name": "HTTP monitor",
      "tileType": "DATA_EXPLORER",
      "configured": true,
      "bounds": {
        "top": 304,
        "left": 722,
        "width": 266,
        "height": 152
      },
      "tileFilter": {},
      "customName": "HTTP monitor",
      "queries": [
        {
          "id": "A",
          "metric": "builtin:synthetic.http.duration.geo",
          "spaceAggregation": "AVG",
          "timeAggregation": "DEFAULT",
          "splitBy": [],
          "filterBy": {
            "filterOperator": "AND",
            "nestedFilters": [],
            "criteria": []
          },
          "enabled": true
        }
      ],
      "visualConfig": {
        "type": "SINGLE_VALUE",
        "global": {},
        "rules": [
          {
            "matcher": "A",
            "properties": {
              "seriesType": "AREA"
            },
            "seriesOverrides": []
          },
          {
            "matcher": "A:",
            "properties": {
              "color": "DEFAULT"
            },
            "seriesOverrides": []
          }
        ],
        "axes": {
          "xAxis": {
            "displayName": "",
            "visible": true
          },
          "yAxes": [
            {
              "displayName": "",
              "visible": true,
              "min": "AUTO",
              "max": "AUTO",
              "position": "LEFT",
              "queryIds": [
                "A",
                ""
              ],
              "defaultAxis": true
            }
          ]
        },
        "heatmapSettings": {
          "yAxis": "VALUE"
        },
        "thresholds": [],
        "tableSettings": {},
        "graphChartSettings": {
          "connectNulls": false
        },
        "honeycombSettings": {
          "showHive": true,
          "showLegend": true,
          "showLabels": false
        }
      },
      "metricExpressions": [
        "resolution=Inf&(builtin:synthetic.http.duration.geo:splitBy():avg:auto:sort(value(avg,descending)):limit(20)):limit(100):names",
        "resolution=null&(builtin:synthetic.http.duration.geo:splitBy():avg:auto:sort(value(avg,descending)):limit(20))"
      ]
    },
    {
      "name": "Response size (Average)",
      "tileType": "DATA_EXPLORER",
      "configured": true,
      "bounds": {
        "top": 304,
        "left": 1634,
        "width": 266,
        "height": 152
      },
      "tileFilter": {},
      "customName": "Response size (Average)",
      "queries": [
        {
          "id": "A",
          "metric": "builtin:synthetic.http.responseSize.geo",
          "spaceAggregation": "AVG",
          "timeAggregation": "DEFAULT",
          "splitBy": [],
          "filterBy": {
            "filterOperator": "AND",
            "nestedFilters": [],
            "criteria": []
          },
          "enabled": true
        }
      ],
      "visualConfig": {
        "type": "SINGLE_VALUE",
        "global": {},
        "rules": [
          {
            "matcher": "A",
            "properties": {
              "seriesType": "LINE"
            },
            "seriesOverrides": []
          },
          {
            "matcher": "A:",
            "properties": {
              "color": "DEFAULT"
            },
            "seriesOverrides": []
          }
        ],
        "axes": {
          "xAxis": {
            "displayName": "",
            "visible": true
          },
          "yAxes": [
            {
              "displayName": "",
              "visible": true,
              "min": "AUTO",
              "max": "AUTO",
              "position": "LEFT",
              "queryIds": [
                "A",
                ""
              ],
              "defaultAxis": true
            }
          ]
        },
        "heatmapSettings": {
          "yAxis": "VALUE"
        },
        "thresholds": [],
        "tableSettings": {},
        "graphChartSettings": {
          "connectNulls": false
        },
        "honeycombSettings": {
          "showHive": true,
          "showLegend": true,
          "showLabels": false
        }
      },
      "metricExpressions": [
        "resolution=Inf&(builtin:synthetic.http.responseSize.geo:splitBy():avg:auto:sort(value(avg,descending)):limit(20)):limit(100):names",
        "resolution=null&(builtin:synthetic.http.responseSize.geo:splitBy():avg:auto:sort(value(avg,descending)):limit(20))"
      ]
    },
    {
      "name": " ",
      "tileType": "DATA_EXPLORER",
      "configured": true,
      "bounds": {
        "top": 1330,
        "left": 0,
        "width": 266,
        "height": 304
      },
      "tileFilter": {},
      "customName": " ",
      "queries": [
        {
          "id": "A",
          "spaceAggregation": "AVG",
          "timeAggregation": "DEFAULT",
          "splitBy": [],
          "metricSelector": "builtin:synthetic.http.statusCode:splitBy(\"Status code\"):value:auto:sort(value(sum,descending)):limit(10)",
          "enabled": true
        }
      ],
      "visualConfig": {
        "type": "TOP_LIST",
        "global": {},
        "rules": [
          {
            "matcher": "A",
            "properties": {
              "seriesType": "LINE"
            },
            "seriesOverrides": []
          },
          {
            "matcher": "A:",
            "properties": {
              "color": "DEFAULT"
            },
            "seriesOverrides": []
          }
        ],
        "axes": {
          "xAxis": {
            "displayName": "",
            "visible": true
          },
          "yAxes": [
            {
              "displayName": "",
              "visible": true,
              "min": "AUTO",
              "max": "AUTO",
              "position": "LEFT",
              "queryIds": [
                "A"
              ],
              "defaultAxis": true
            }
          ]
        },
        "heatmapSettings": {
          "yAxis": "VALUE"
        },
        "thresholds": [],
        "tableSettings": {},
        "graphChartSettings": {
          "connectNulls": false
        },
        "honeycombSettings": {
          "showHive": true,
          "showLegend": true,
          "showLabels": false
        }
      },
      "metricExpressions": [
        "resolution=Inf&(builtin:synthetic.http.statusCode:splitBy(\"Status code\"):value:auto:sort(value(sum,descending)):limit(10)):limit(100):names"
      ]
    },
    {
      "name": " ",
      "tileType": "DATA_EXPLORER",
      "configured": true,
      "bounds": {
        "top": 1330,
        "left": 266,
        "width": 722,
        "height": 304
      },
      "tileFilter": {},
      "customName": " ",
      "queries": [
        {
          "id": "A",
          "spaceAggregation": "AVG",
          "timeAggregation": "DEFAULT",
          "splitBy": [],
          "metricSelector": "builtin:synthetic.http.statusCode:splitBy(\"Status code\"):value:auto:sort(value(sum,descending)):limit(10)",
          "enabled": true
        }
      ],
      "visualConfig": {
        "type": "GRAPH_CHART",
        "global": {},
        "rules": [
          {
            "matcher": "A:",
            "properties": {
              "color": "DEFAULT",
              "seriesType": "AREA"
            },
            "seriesOverrides": []
          }
        ],
        "axes": {
          "xAxis": {
            "displayName": "",
            "visible": true
          },
          "yAxes": [
            {
              "displayName": "",
              "visible": true,
              "min": "AUTO",
              "max": "AUTO",
              "position": "LEFT",
              "queryIds": [
                "A"
              ],
              "defaultAxis": true
            }
          ]
        },
        "heatmapSettings": {
          "yAxis": "VALUE"
        },
        "thresholds": [
          {
            "axisTarget": "LEFT",
            "rules": [
              {
                "color": "#7dc540"
              },
              {
                "color": "#f5d30f"
              },
              {
                "color": "#dc172a"
              }
            ],
            "visible": true
          }
        ],
        "tableSettings": {},
        "graphChartSettings": {
          "connectNulls": false
        },
        "honeycombSettings": {
          "showHive": true,
          "showLegend": true,
          "showLabels": false
        }
      },
      "metricExpressions": [
        "resolution=null&(builtin:synthetic.http.statusCode:splitBy(\"Status code\"):value:auto:sort(value(sum,descending)):limit(10)):limit(100):names"
      ]
    },
    {
      "name": " ",
      "tileType": "DATA_EXPLORER",
      "configured": true,
      "bounds": {
        "top": 1330,
        "left": 1026,
        "width": 342,
        "height": 304
      },
      "tileFilter": {},
      "customName": " ",
      "queries": [
        {
          "id": "A",
          "metric": "builtin:synthetic.http.duration.geo",
          "spaceAggregation": "AVG",
          "timeAggregation": "DEFAULT",
          "splitBy": [
            "dt.entity.http_check"
          ],
          "filterBy": {
            "filterOperator": "AND",
            "nestedFilters": [],
            "criteria": []
          },
          "enabled": true
        }
      ],
      "visualConfig": {
        "type": "TOP_LIST",
        "global": {},
        "rules": [
          {
            "matcher": "A",
            "properties": {
              "seriesType": "AREA"
            },
            "seriesOverrides": []
          },
          {
            "matcher": "A:",
            "properties": {
              "color": "DEFAULT"
            },
            "seriesOverrides": []
          }
        ],
        "axes": {
          "xAxis": {
            "displayName": "",
            "visible": true
          },
          "yAxes": [
            {
              "displayName": "",
              "visible": true,
              "min": "AUTO",
              "max": "AUTO",
              "position": "LEFT",
              "queryIds": [
                "A"
              ],
              "defaultAxis": true
            }
          ]
        },
        "heatmapSettings": {
          "yAxis": "VALUE"
        },
        "thresholds": [],
        "tableSettings": {},
        "graphChartSettings": {
          "connectNulls": false
        },
        "honeycombSettings": {
          "showHive": true,
          "showLegend": true,
          "showLabels": false
        }
      },
      "metricExpressions": [
        "resolution=Inf&(builtin:synthetic.http.duration.geo:splitBy(\"dt.entity.http_check\"):avg:auto:sort(value(avg,descending)):limit(20)):limit(100):names"
      ]
    },
    {
      "name": " ",
      "tileType": "DATA_EXPLORER",
      "configured": true,
      "bounds": {
        "top": 1330,
        "left": 1368,
        "width": 646,
        "height": 304
      },
      "tileFilter": {},
      "customName": " ",
      "queries": [
        {
          "id": "A",
          "metric": "builtin:synthetic.http.duration.geo",
          "spaceAggregation": "AVG",
          "timeAggregation": "DEFAULT",
          "splitBy": [
            "dt.entity.http_check"
          ],
          "filterBy": {
            "filterOperator": "AND",
            "nestedFilters": [],
            "criteria": []
          },
          "enabled": true
        }
      ],
      "visualConfig": {
        "type": "GRAPH_CHART",
        "global": {},
        "rules": [
          {
            "matcher": "A:",
            "properties": {
              "color": "DEFAULT",
              "seriesType": "AREA"
            },
            "seriesOverrides": []
          }
        ],
        "axes": {
          "xAxis": {
            "displayName": "",
            "visible": true
          },
          "yAxes": [
            {
              "displayName": "",
              "visible": true,
              "min": "AUTO",
              "max": "AUTO",
              "position": "LEFT",
              "queryIds": [
                "A"
              ],
              "defaultAxis": true
            }
          ]
        },
        "heatmapSettings": {
          "yAxis": "VALUE"
        },
        "thresholds": [
          {
            "axisTarget": "LEFT",
            "rules": [
              {
                "color": "#7dc540"
              },
              {
                "color": "#f5d30f"
              },
              {
                "color": "#dc172a"
              }
            ],
            "visible": true
          }
        ],
        "tableSettings": {},
        "graphChartSettings": {
          "connectNulls": false
        },
        "honeycombSettings": {
          "showHive": true,
          "showLegend": true,
          "showLabels": false
        }
      },
      "metricExpressions": [
        "resolution=null&(builtin:synthetic.http.duration.geo:splitBy(\"dt.entity.http_check\"):avg:auto:sort(value(avg,descending)):limit(20)):limit(100):names"
      ]
    },
    {
      "name": "Failed",
      "tileType": "DATA_EXPLORER",
      "configured": true,
      "bounds": {
        "top": 304,
        "left": 1026,
        "width": 266,
        "height": 152
      },
      "tileFilter": {},
      "customName": "HTTP errors (sum)",
      "queries": [
        {
          "id": "A",
          "metric": "builtin:synthetic.http.execution.status",
          "spaceAggregation": "SUM",
          "timeAggregation": "DEFAULT",
          "splitBy": [
            "execution_state"
          ],
          "filterBy": {
            "filterOperator": "AND",
            "nestedFilters": [
              {
                "filter": "execution_state",
                "filterType": "DIMENSION",
                "filterOperator": "OR",
                "nestedFilters": [],
                "criteria": [
                  {
                    "value": "FAIL",
                    "evaluator": "EQ"
                  }
                ]
              }
            ],
            "criteria": []
          },
          "enabled": true
        }
      ],
      "visualConfig": {
        "type": "SINGLE_VALUE",
        "global": {
          "hideLegend": false
        },
        "rules": [
          {
            "matcher": "A:",
            "properties": {
              "color": "DEFAULT"
            },
            "seriesOverrides": []
          }
        ],
        "axes": {
          "xAxis": {
            "visible": true
          },
          "yAxes": []
        },
        "heatmapSettings": {
          "yAxis": "VALUE"
        },
        "singleValueSettings": {
          "showTrend": true,
          "showSparkLine": true,
          "linkTileColorToThreshold": true
        },
        "thresholds": [
          {
            "axisTarget": "LEFT",
            "columnId": "Execution count (by status) [HTTP monitor]",
            "rules": [
              {
                "color": "#7dc540"
              },
              {
                "color": "#f5d30f"
              },
              {
                "color": "#dc172a"
              }
            ],
            "queryId": "A",
            "visible": true
          }
        ],
        "tableSettings": {
          "isThresholdBackgroundAppliedToCell": false
        },
        "graphChartSettings": {
          "connectNulls": false
        },
        "honeycombSettings": {
          "showHive": true,
          "showLegend": true,
          "showLabels": false
        }
      },
      "queriesSettings": {
        "resolution": ""
      },
      "metricExpressions": [
        "resolution=Inf&(builtin:synthetic.http.execution.status:filter(and(or(eq(execution_state,FAIL)))):splitBy():sum:auto:sort(value(sum,descending)):limit(20)):limit(100):names",
        "resolution=null&(builtin:synthetic.http.execution.status:filter(and(or(eq(execution_state,FAIL)))):splitBy():sum:auto:sort(value(sum,descending)):limit(20))"
      ]
    },
    {
      "name": "Execution Failed",
      "tileType": "HEADER",
      "configured": true,
      "bounds": {
        "top": 228,
        "left": 1330,
        "width": 266,
        "height": 38
      },
      "tileFilter": {}
    },
    {
      "name": "Markdown",
      "tileType": "MARKDOWN",
      "configured": true,
      "bounds": {
        "top": 266,
        "left": 1330,
        "width": 266,
        "height": 38
      },
      "tileFilter": {},
      "markdown": "----"
    },
    {
      "name": "Failed details",
      "tileType": "DATA_EXPLORER",
      "configured": true,
      "bounds": {
        "top": 304,
        "left": 1330,
        "width": 266,
        "height": 152
      },
      "tileFilter": {},
      "customName": "HTTP errors (sum)",
      "queries": [
        {
          "id": "A",
          "metric": "builtin:synthetic.http.execution.status",
          "spaceAggregation": "SUM",
          "timeAggregation": "DEFAULT",
          "splitBy": [
            "execution_status_name"
          ],
          "filterBy": {
            "filterOperator": "AND",
            "nestedFilters": [
              {
                "filter": "execution_state",
                "filterType": "DIMENSION",
                "filterOperator": "OR",
                "nestedFilters": [],
                "criteria": [
                  {
                    "value": "FAIL",
                    "evaluator": "EQ"
                  }
                ]
              }
            ],
            "criteria": []
          },
          "enabled": true
        }
      ],
      "visualConfig": {
        "type": "TOP_LIST",
        "global": {
          "hideLegend": false
        },
        "rules": [
          {
            "matcher": "A:",
            "properties": {
              "color": "DEFAULT"
            },
            "seriesOverrides": []
          }
        ],
        "axes": {
          "xAxis": {
            "visible": true
          },
          "yAxes": []
        },
        "heatmapSettings": {
          "yAxis": "VALUE"
        },
        "singleValueSettings": {
          "showTrend": true,
          "showSparkLine": true,
          "linkTileColorToThreshold": true
        },
        "thresholds": [
          {
            "axisTarget": "LEFT",
            "columnId": "Execution count (by status) [HTTP monitor]",
            "rules": [
              {
                "color": "#7dc540"
              },
              {
                "color": "#f5d30f"
              },
              {
                "color": "#dc172a"
              }
            ],
            "queryId": "A",
            "visible": true
          }
        ],
        "tableSettings": {
          "isThresholdBackgroundAppliedToCell": false
        },
        "graphChartSettings": {
          "connectNulls": false
        },
        "honeycombSettings": {
          "showHive": true,
          "showLegend": true,
          "showLabels": false
        }
      },
      "queriesSettings": {
        "resolution": ""
      },
      "metricExpressions": [
        "resolution=Inf&(builtin:synthetic.http.execution.status:filter(and(or(eq(execution_state,FAIL)))):splitBy(execution_status_name):sum:auto:sort(value(sum,descending)):limit(20)):limit(100):names"
      ]
    },
    {
      "name": "Unavailability Synthetic",
      "tileType": "HEADER",
      "configured": true,
      "bounds": {
        "top": 874,
        "left": 0,
        "width": 494,
        "height": 38
      },
      "tileFilter": {}
    },
    {
      "name": "Markdown",
      "tileType": "MARKDOWN",
      "configured": true,
      "bounds": {
        "top": 912,
        "left": 0,
        "width": 988,
        "height": 38
      },
      "tileFilter": {},
      "markdown": "----"
    },
    {
      "name": "Unavailability by geolocation",
      "tileType": "HEADER",
      "configured": true,
      "bounds": {
        "top": 874,
        "left": 1026,
        "width": 494,
        "height": 38
      },
      "tileFilter": {}
    },
    {
      "name": "Markdown",
      "tileType": "MARKDOWN",
      "configured": true,
      "bounds": {
        "top": 912,
        "left": 1026,
        "width": 988,
        "height": 38
      },
      "tileFilter": {},
      "markdown": "----"
    },
    {
      "name": "Markdown",
      "tileType": "MARKDOWN",
      "configured": true,
      "bounds": {
        "top": 0,
        "left": 1520,
        "width": 266,
        "height": 38
      },
      "tileFilter": {},
      "markdown": "🎯[SLO simply smarter](#dashboard;id=bbbbbbbb-a003-a017-0008-000000000133;) \n"
    },
    {
      "name": " ",
      "tileType": "DATA_EXPLORER",
      "configured": true,
      "bounds": {
        "top": 570,
        "left": 342,
        "width": 646,
        "height": 304
      },
      "tileFilter": {},
      "customName": " ",
      "queries": [
        {
          "id": "A",
          "metric": "builtin:synthetic.http.availability.location.totalWoMaintenanceWindow",
          "spaceAggregation": "AVG",
          "timeAggregation": "DEFAULT",
          "splitBy": [
            "dt.entity.http_check"
          ],
          "sortBy": "DESC",
          "filterBy": {
            "filterOperator": "AND",
            "nestedFilters": [],
            "criteria": []
          },
          "enabled": true
        }
      ],
      "visualConfig": {
        "type": "HEATMAP",
        "global": {
          "hideLegend": true
        },
        "rules": [
          {
            "matcher": "A:",
            "unitTransform": "auto",
            "valueFormat": "auto",
            "properties": {
              "color": "DEFAULT",
              "seriesType": "AREA"
            },
            "seriesOverrides": []
          }
        ],
        "axes": {
          "xAxis": {
            "displayName": "",
            "visible": true
          },
          "yAxes": [
            {
              "displayName": "",
              "visible": true,
              "min": "AUTO",
              "max": "AUTO",
              "position": "LEFT",
              "queryIds": [
                "A"
              ],
              "defaultAxis": true
            }
          ]
        },
        "heatmapSettings": {
          "yAxis": "DIMENSIONS",
          "xAxisBuckets": 60
        },
        "thresholds": [
          {
            "axisTarget": "LEFT",
            "rules": [
              {
                "value": 98,
                "color": "#7dc540"
              },
              {
                "value": 95,
                "color": "#f5d30f"
              },
              {
                "value": 0,
                "color": "#dc172a"
              }
            ],
            "queryId": "",
            "visible": true
          }
        ],
        "tableSettings": {
          "isThresholdBackgroundAppliedToCell": false
        },
        "graphChartSettings": {
          "connectNulls": false
        },
        "honeycombSettings": {
          "showHive": true,
          "showLegend": true,
          "showLabels": false
        }
      },
      "queriesSettings": {
        "resolution": ""
      },
      "metricExpressions": [
        "resolution=null&(builtin:synthetic.http.availability.location.totalWoMaintenanceWindow:splitBy(\"dt.entity.http_check\"):avg:auto:sort(value(avg,descending)):limit(20)):limit(100):names"
      ]
    },
    {
      "name": "Failure rate",
      "tileType": "DATA_EXPLORER",
      "configured": true,
      "bounds": {
        "top": 570,
        "left": 0,
        "width": 342,
        "height": 304
      },
      "tileFilter": {},
      "customName": " ",
      "queries": [
        {
          "id": "A",
          "metric": "builtin:synthetic.http.availability.location.totalWoMaintenanceWindow",
          "spaceAggregation": "AVG",
          "timeAggregation": "DEFAULT",
          "splitBy": [
            "dt.entity.http_check"
          ],
          "sortBy": "ASC",
          "filterBy": {
            "filterOperator": "AND",
            "nestedFilters": [],
            "criteria": []
          },
          "enabled": true
        }
      ],
      "visualConfig": {
        "type": "TOP_LIST",
        "global": {
          "hideLegend": false
        },
        "rules": [
          {
            "matcher": "A:",
            "properties": {
              "color": "DEFAULT"
            },
            "seriesOverrides": []
          }
        ],
        "axes": {
          "xAxis": {
            "visible": true
          },
          "yAxes": []
        },
        "heatmapSettings": {
          "yAxis": "VALUE"
        },
        "thresholds": [
          {
            "axisTarget": "LEFT",
            "rules": [
              {
                "value": 98,
                "color": "#7dc540"
              },
              {
                "value": 95,
                "color": "#f5d30f"
              },
              {
                "value": 0,
                "color": "#dc172a"
              }
            ],
            "queryId": "",
            "visible": true
          }
        ],
        "tableSettings": {
          "isThresholdBackgroundAppliedToCell": false
        },
        "graphChartSettings": {
          "connectNulls": false
        },
        "honeycombSettings": {
          "showHive": true,
          "showLegend": true,
          "showLabels": false
        }
      },
      "queriesSettings": {
        "resolution": ""
      },
      "metricExpressions": [
        "resolution=Inf&(builtin:synthetic.http.availability.location.totalWoMaintenanceWindow:splitBy(\"dt.entity.http_check\"):avg:auto:sort(value(avg,ascending)):limit(20)):limit(100):names"
      ]
    },
    {
      "name": "Failure rate",
      "tileType": "DATA_EXPLORER",
      "configured": true,
      "bounds": {
        "top": 570,
        "left": 1026,
        "width": 342,
        "height": 304
      },
      "tileFilter": {},
      "customName": " ",
      "queries": [
        {
          "id": "A",
          "metric": "builtin:synthetic.http.availability.location.totalWoMaintenanceWindow",
          "spaceAggregation": "AVG",
          "timeAggregation": "DEFAULT",
          "splitBy": [
            "dt.entity.synthetic_location"
          ],
          "sortBy": "ASC",
          "filterBy": {
            "filterOperator": "AND",
            "nestedFilters": [],
            "criteria": []
          },
          "enabled": true
        }
      ],
      "visualConfig": {
        "type": "TOP_LIST",
        "global": {
          "hideLegend": false
        },
        "rules": [
          {
            "matcher": "A:",
            "properties": {
              "color": "DEFAULT"
            },
            "seriesOverrides": []
          }
        ],
        "axes": {
          "xAxis": {
            "displayName": "",
            "visible": true
          },
          "yAxes": [
            {
              "displayName": "",
              "visible": true,
              "min": "AUTO",
              "max": "AUTO",
              "position": "LEFT",
              "queryIds": [
                "A"
              ],
              "defaultAxis": true
            }
          ]
        },
        "heatmapSettings": {
          "yAxis": "VALUE"
        },
        "thresholds": [
          {
            "axisTarget": "LEFT",
            "rules": [
              {
                "value": 98,
                "color": "#7dc540"
              },
              {
                "value": 95,
                "color": "#f5d30f"
              },
              {
                "value": 0,
                "color": "#dc172a"
              }
            ],
            "queryId": "",
            "visible": true
          }
        ],
        "tableSettings": {
          "isThresholdBackgroundAppliedToCell": false
        },
        "graphChartSettings": {
          "connectNulls": false
        },
        "honeycombSettings": {
          "showHive": true,
          "showLegend": true,
          "showLabels": false
        }
      },
      "queriesSettings": {
        "resolution": ""
      },
      "metricExpressions": [
        "resolution=Inf&(builtin:synthetic.http.availability.location.totalWoMaintenanceWindow:splitBy(\"dt.entity.synthetic_location\"):avg:auto:sort(value(avg,ascending)):limit(20)):limit(100):names"
      ]
    },
    {
      "name": " ",
      "tileType": "DATA_EXPLORER",
      "configured": true,
      "bounds": {
        "top": 570,
        "left": 1368,
        "width": 646,
        "height": 304
      },
      "tileFilter": {},
      "customName": " ",
      "queries": [
        {
          "id": "A",
          "metric": "builtin:synthetic.http.availability.location.totalWoMaintenanceWindow",
          "spaceAggregation": "AVG",
          "timeAggregation": "DEFAULT",
          "splitBy": [
            "dt.entity.synthetic_location"
          ],
          "filterBy": {
            "filterOperator": "AND",
            "nestedFilters": [],
            "criteria": []
          },
          "enabled": true
        }
      ],
      "visualConfig": {
        "type": "HEATMAP",
        "global": {
          "hideLegend": true
        },
        "rules": [
          {
            "matcher": "A:",
            "unitTransform": "auto",
            "valueFormat": "auto",
            "properties": {
              "color": "DEFAULT",
              "seriesType": "AREA"
            },
            "seriesOverrides": []
          }
        ],
        "axes": {
          "xAxis": {
            "displayName": "",
            "visible": true
          },
          "yAxes": [
            {
              "displayName": "",
              "visible": true,
              "min": "AUTO",
              "max": "AUTO",
              "position": "LEFT",
              "queryIds": [
                "A"
              ],
              "defaultAxis": true
            }
          ]
        },
        "heatmapSettings": {
          "yAxis": "DIMENSIONS",
          "xAxisBuckets": 60,
          "showLabels": false
        },
        "thresholds": [
          {
            "axisTarget": "LEFT",
            "rules": [
              {
                "value": 98,
                "color": "#7dc540"
              },
              {
                "value": 95,
                "color": "#f5d30f"
              },
              {
                "value": 0,
                "color": "#dc172a"
              }
            ],
            "queryId": "",
            "visible": true
          }
        ],
        "tableSettings": {
          "isThresholdBackgroundAppliedToCell": false
        },
        "graphChartSettings": {
          "connectNulls": false
        },
        "honeycombSettings": {
          "showHive": true,
          "showLegend": true,
          "showLabels": false
        }
      },
      "queriesSettings": {
        "resolution": ""
      },
      "metricExpressions": [
        "resolution=null&(builtin:synthetic.http.availability.location.totalWoMaintenanceWindow:splitBy(\"dt.entity.synthetic_location\"):avg:auto:sort(value(avg,descending)):limit(20)):limit(100):names"
      ]
    },
    {
      "name": "Failure count",
      "tileType": "DATA_EXPLORER",
      "configured": true,
      "bounds": {
        "top": 950,
        "left": 0,
        "width": 988,
        "height": 304
      },
      "tileFilter": {},
      "customName": "Tests : Successful / Failed",
      "queries": [
        {
          "id": "A",
          "timeAggregation": "DEFAULT",
          "splitBy": [
            "dt.entity.http_check"
          ],
          "metricSelector": "(100- builtin:synthetic.http.availability.location.total:splitBy(\"dt.entity.http_check\")):sort(value(sum,descending)):limit(20)",
          "enabled": true
        }
      ],
      "visualConfig": {
        "type": "HEATMAP",
        "global": {
          "hideLegend": false
        },
        "rules": [
          {
            "matcher": "A:",
            "unitTransform": "auto",
            "valueFormat": "auto",
            "properties": {
              "color": "RED",
              "seriesType": "AREA"
            },
            "seriesOverrides": []
          }
        ],
        "axes": {
          "xAxis": {
            "visible": true
          },
          "yAxes": []
        },
        "heatmapSettings": {
          "yAxis": "DIMENSIONS",
          "xAxisBuckets": 60
        },
        "thresholds": [
          {
            "axisTarget": "LEFT",
            "rules": [
              {
                "color": "#7dc540"
              },
              {
                "color": "#f5d30f"
              },
              {
                "color": "#dc172a"
              }
            ],
            "queryId": "",
            "visible": true
          }
        ],
        "tableSettings": {
          "isThresholdBackgroundAppliedToCell": false
        },
        "graphChartSettings": {
          "connectNulls": false
        },
        "honeycombSettings": {
          "showHive": true,
          "showLegend": true,
          "showLabels": false
        }
      },
      "queriesSettings": {
        "resolution": ""
      },
      "metricExpressions": [
        "resolution=null&((100 - builtin:synthetic.http.availability.location.total:splitBy(\"dt.entity.http_check\")):sort(value(sum,descending)):limit(20)):limit(100):names"
      ]
    },
    {
      "name": "Failure count",
      "tileType": "DATA_EXPLORER",
      "configured": true,
      "bounds": {
        "top": 950,
        "left": 1026,
        "width": 988,
        "height": 304
      },
      "tileFilter": {},
      "customName": "Tests : Successful / Failed",
      "queries": [
        {
          "id": "A",
          "timeAggregation": "DEFAULT",
          "splitBy": [
            "dt.entity.synthetic_location"
          ],
          "metricSelector": "(100- builtin:synthetic.http.availability.location.total:splitBy(\"dt.entity.synthetic_location\")):sort(value(sum,descending)):limit(20)",
          "enabled": true
        }
      ],
      "visualConfig": {
        "type": "HEATMAP",
        "global": {
          "hideLegend": false
        },
        "rules": [
          {
            "matcher": "A:",
            "unitTransform": "auto",
            "valueFormat": "auto",
            "properties": {
              "color": "RED",
              "seriesType": "AREA"
            },
            "seriesOverrides": []
          }
        ],
        "axes": {
          "xAxis": {
            "visible": true
          },
          "yAxes": []
        },
        "heatmapSettings": {
          "yAxis": "DIMENSIONS",
          "xAxisBuckets": 60
        },
        "thresholds": [
          {
            "axisTarget": "LEFT",
            "rules": [
              {
                "color": "#7dc540"
              },
              {
                "color": "#f5d30f"
              },
              {
                "color": "#dc172a"
              }
            ],
            "queryId": "",
            "visible": true
          }
        ],
        "tableSettings": {
          "isThresholdBackgroundAppliedToCell": false
        },
        "graphChartSettings": {
          "connectNulls": false
        },
        "honeycombSettings": {
          "showHive": true,
          "showLegend": true,
          "showLabels": false
        }
      },
      "queriesSettings": {
        "resolution": ""
      },
      "metricExpressions": [
        "resolution=null&((100 - builtin:synthetic.http.availability.location.total:splitBy(\"dt.entity.synthetic_location\")):sort(value(sum,descending)):limit(20)):limit(100):names"
      ]
    },
    {
      "name": "",
      "nameSize": "small",
      "tileType": "APPLICATIONS",
      "configured": true,
      "bounds": {
        "top": 38,
        "left": 228,
        "width": 152,
        "height": 152
      },
      "tileFilter": {},
      "filterConfig": {
        "type": "APPLICATION",
        "customName": "Applications",
        "defaultName": "Monitored applications",
        "chartConfig": {
          "legendShown": true,
          "type": "TIMESERIES",
          "series": [],
          "resultMetadata": {}
        },
        "filtersPerEntityType": {
          "APPLICATION": {
            "APPLICATION_STATUS": [
              "0"
            ]
          }
        }
      },
      "chartVisible": true
    }
  ]
}