{
  "metadata": {
    "configurationVersions": [
      6
    ],
    "clusterVersion": "1.260.137.20230220-113153"
  },
  "id": "bbbbbbbb-a003-a017-0004-000000000133",
  "dashboardMetadata": {
    "name": "✔ Synthetic (browser)",
    "shared": true,
    "owner": "jean.louis.lormeau@dynatrace.com",
    "tags": [
      "Configurator",
      "smarter"
    ],
    "popularity": 1,
    "hasConsistentColors": false
  },
  "tiles": [
    {
      "name": "Markdown",
      "tileType": "MARKDOWN",
      "configured": true,
      "bounds": {
        "top": 0,
        "left": 1292,
        "width": 266,
        "height": 38
      },
      "tileFilter": {},
      "isAutoRefreshDisabled": false,
      "markdown": "🏠 [Dynatrace: simply smarter](#dashboard;id=bbbbbbbb-a003-a017-0000-000000000133)\n"
    },
    {
      "name": "Markdown",
      "tileType": "MARKDOWN",
      "configured": true,
      "bounds": {
        "top": 38,
        "left": 1140,
        "width": 266,
        "height": 190
      },
      "tileFilter": {},
      "isAutoRefreshDisabled": false,
      "markdown": "## 🔍 [Digital experience](#dashboard;id=bbbbbbbb-a003-a017-0002-000000000133)\n***\n\n- [web applications](#dashboard;id=bbbbbbbb-a003-a017-0002-000000000133)\n- [mobile apps](#dashboard;id=bbbbbbbb-a003-a017-0003-000000000133)\n- ✅ [synthetic (browser)](#dashboard;id=bbbbbbbb-a003-a017-0004-000000000133) \n- [visits↗](/ui/user-sessions) \n- [frustrated visits↗](/ui/user-sessions?gwtMpd=Y&filtrfilterUXScore=1&filter=uxScore:Frustrating) \n"
    },
    {
      "name": "Markdown",
      "tileType": "MARKDOWN",
      "configured": true,
      "bounds": {
        "top": 38,
        "left": 1406,
        "width": 266,
        "height": 190
      },
      "tileFilter": {},
      "isAutoRefreshDisabled": false,
      "markdown": "🔍 [Services](#dashboard;id=bbbbbbbb-a003-a017-0001-000000000133) \n***\n\n- [services](#dashboard;id=bbbbbbbb-a003-a017-0001-000000000133) \n- [database services](#dashboard;id=bbbbbbbb-a003-a017-0005-000000000133) \n- [synthetic (service)](#dashboard;id=bbbbbbbb-a003-a017-0006-000000000133) \n- [slow requests↗](/ui/diagnostictools/mda?mdaId=topweb&metric=REQUEST_COUNT&dimension=%7BRequest:Name%7D&mergeServices=false&aggregation=COUNT&percentile=80&chart=COLUMN&servicefilter=0%1E0%11500000%144611686018427387%1026%111%1026%112) \n- [failed requests↗](/ui/diagnostictools/mda?mdaId=topweb&metric=REQUEST_COUNT&dimension=%7BRequest:Name%7D&mergeServices=false&aggregation=COUNT&percentile=80&chart=COLUMN&servicefilter=0%1E3%110%1026%112%1026%111) \n"
    },
    {
      "name": "Markdown",
      "tileType": "MARKDOWN",
      "configured": true,
      "bounds": {
        "top": 38,
        "left": 1672,
        "width": 266,
        "height": 190
      },
      "tileFilter": {},
      "isAutoRefreshDisabled": false,
      "markdown": "🔍 [Infrastructure & cloud](#dashboard;id=bbbbbbbb-a003-a017-0007-000000000133)\n***\n- [infrastructure](#dashboard;id=bbbbbbbb-a003-a017-0007-000000000133)\n- [logs↗](ui/log-monitoring)\n- [techno↗](#newprocessessummary)\n- [containers↗](/ui/entity/list/CONTAINER_GROUP)\n- [kubernetes↗](/ui/kubernetes)"
    },
    {
      "name": "🚦Health",
      "tileType": "HEADER",
      "configured": true,
      "bounds": {
        "top": 0,
        "left": 114,
        "width": 228,
        "height": 38
      },
      "tileFilter": {},
      "isAutoRefreshDisabled": false
    },
    {
      "name": "Problems",
      "nameSize": "small",
      "tileType": "OPEN_PROBLEMS",
      "configured": true,
      "bounds": {
        "top": 38,
        "left": 38,
        "width": 152,
        "height": 152
      },
      "tileFilter": {},
      "isAutoRefreshDisabled": false
    },
    {
      "name": "Service health",
      "nameSize": "small",
      "tileType": "SERVICES",
      "configured": true,
      "bounds": {
        "top": 38,
        "left": 646,
        "width": 152,
        "height": 152
      },
      "tileFilter": {},
      "isAutoRefreshDisabled": false,
      "chartVisible": true
    },
    {
      "name": "Database health",
      "nameSize": "small",
      "tileType": "DATABASES_OVERVIEW",
      "configured": true,
      "bounds": {
        "top": 38,
        "left": 798,
        "width": 152,
        "height": 152
      },
      "tileFilter": {},
      "isAutoRefreshDisabled": false,
      "chartVisible": true
    },
    {
      "name": "Host health",
      "nameSize": "small",
      "tileType": "HOSTS",
      "configured": true,
      "bounds": {
        "top": 38,
        "left": 950,
        "width": 152,
        "height": 152
      },
      "tileFilter": {},
      "isAutoRefreshDisabled": false,
      "chartVisible": true
    },
    {
      "name": "Markdown",
      "tileType": "MARKDOWN",
      "configured": true,
      "bounds": {
        "top": 532,
        "left": 0,
        "width": 988,
        "height": 38
      },
      "tileFilter": {},
      "isAutoRefreshDisabled": false,
      "markdown": "----"
    },
    {
      "name": "Number of tests",
      "tileType": "HEADER",
      "configured": true,
      "bounds": {
        "top": 228,
        "left": 380,
        "width": 266,
        "height": 38
      },
      "tileFilter": {},
      "isAutoRefreshDisabled": false
    },
    {
      "name": "Repsonse time",
      "tileType": "HEADER",
      "configured": true,
      "bounds": {
        "top": 228,
        "left": 684,
        "width": 266,
        "height": 38
      },
      "tileFilter": {},
      "isAutoRefreshDisabled": false
    },
    {
      "name": "Errors",
      "tileType": "HEADER",
      "configured": true,
      "bounds": {
        "top": 228,
        "left": 988,
        "width": 266,
        "height": 38
      },
      "tileFilter": {},
      "isAutoRefreshDisabled": false
    },
    {
      "name": "Markdown",
      "tileType": "MARKDOWN",
      "configured": true,
      "bounds": {
        "top": 266,
        "left": 684,
        "width": 266,
        "height": 38
      },
      "tileFilter": {},
      "isAutoRefreshDisabled": false,
      "markdown": "----"
    },
    {
      "name": "Availability",
      "tileType": "HEADER",
      "configured": true,
      "bounds": {
        "top": 494,
        "left": 0,
        "width": 494,
        "height": 38
      },
      "tileFilter": {},
      "isAutoRefreshDisabled": false
    },
    {
      "name": "Apdex",
      "tileType": "HEADER",
      "configured": true,
      "bounds": {
        "top": 1634,
        "left": 1026,
        "width": 494,
        "height": 38
      },
      "tileFilter": {},
      "isAutoRefreshDisabled": false
    },
    {
      "name": "Markdown",
      "tileType": "MARKDOWN",
      "configured": true,
      "bounds": {
        "top": 1672,
        "left": 1026,
        "width": 988,
        "height": 38
      },
      "tileFilter": {},
      "isAutoRefreshDisabled": false,
      "markdown": "----"
    },
    {
      "name": "Markdown",
      "tileType": "MARKDOWN",
      "configured": true,
      "bounds": {
        "top": 1672,
        "left": 0,
        "width": 988,
        "height": 38
      },
      "tileFilter": {},
      "isAutoRefreshDisabled": false,
      "markdown": "----"
    },
    {
      "name": "Error details",
      "tileType": "HEADER",
      "configured": true,
      "bounds": {
        "top": 1634,
        "left": 0,
        "width": 494,
        "height": 38
      },
      "tileFilter": {},
      "isAutoRefreshDisabled": false
    },
    {
      "name": "Markdown",
      "tileType": "MARKDOWN",
      "configured": true,
      "bounds": {
        "top": 266,
        "left": 380,
        "width": 266,
        "height": 38
      },
      "tileFilter": {},
      "isAutoRefreshDisabled": false,
      "markdown": "----"
    },
    {
      "name": "Markdown",
      "tileType": "MARKDOWN",
      "configured": true,
      "bounds": {
        "top": 266,
        "left": 988,
        "width": 266,
        "height": 38
      },
      "tileFilter": {},
      "isAutoRefreshDisabled": false,
      "markdown": "----"
    },
    {
      "name": "Availability",
      "tileType": "HEADER",
      "configured": true,
      "bounds": {
        "top": 228,
        "left": 76,
        "width": 266,
        "height": 38
      },
      "tileFilter": {},
      "isAutoRefreshDisabled": false
    },
    {
      "name": "Markdown",
      "tileType": "MARKDOWN",
      "configured": true,
      "bounds": {
        "top": 266,
        "left": 76,
        "width": 266,
        "height": 38
      },
      "tileFilter": {},
      "isAutoRefreshDisabled": false,
      "markdown": "----"
    },
    {
      "name": "Response time",
      "tileType": "HEADER",
      "configured": true,
      "bounds": {
        "top": 1254,
        "left": 1026,
        "width": 494,
        "height": 38
      },
      "tileFilter": {},
      "isAutoRefreshDisabled": false
    },
    {
      "name": "Markdown",
      "tileType": "MARKDOWN",
      "configured": true,
      "bounds": {
        "top": 1292,
        "left": 1026,
        "width": 988,
        "height": 38
      },
      "tileFilter": {},
      "isAutoRefreshDisabled": false,
      "markdown": "----"
    },
    {
      "name": "Tests with errors",
      "tileType": "HEADER",
      "configured": true,
      "bounds": {
        "top": 1254,
        "left": 0,
        "width": 494,
        "height": 38
      },
      "tileFilter": {},
      "isAutoRefreshDisabled": false
    },
    {
      "name": "Markdown",
      "tileType": "MARKDOWN",
      "configured": true,
      "bounds": {
        "top": 1292,
        "left": 0,
        "width": 988,
        "height": 38
      },
      "tileFilter": {},
      "isAutoRefreshDisabled": false,
      "markdown": "----"
    },
    {
      "name": "User Sessions Query",
      "tileType": "DTAQL",
      "configured": true,
      "bounds": {
        "top": 304,
        "left": 684,
        "width": 266,
        "height": 152
      },
      "tileFilter": {},
      "isAutoRefreshDisabled": false,
      "customName": "Browser monitor",
      "query": "select AVG(duration) AS \" \" from useraction where usersession.userType = \"SYNTHETIC\"",
      "type": "SINGLE_VALUE",
      "timeFrameShift": "dynamic",
      "limit": 50
    },
    {
      "name": "User Sessions Query",
      "tileType": "DTAQL",
      "configured": true,
      "bounds": {
        "top": 304,
        "left": 988,
        "width": 266,
        "height": 152
      },
      "tileFilter": {},
      "isAutoRefreshDisabled": false,
      "customName": "Browser monitor",
      "query": "select count(*) as \"Erreurs HTTP & JavaScript\"  from useraction where javaScriptErrorCount >=1 or requestErrorCount  >=1 and usersession.userType = \"SYNTHETIC\"",
      "type": "SINGLE_VALUE",
      "timeFrameShift": "dynamic",
      "limit": 50
    },
    {
      "name": "Availability by geolocation",
      "tileType": "HEADER",
      "configured": true,
      "bounds": {
        "top": 494,
        "left": 1026,
        "width": 494,
        "height": 38
      },
      "tileFilter": {},
      "isAutoRefreshDisabled": false
    },
    {
      "name": "Markdown",
      "tileType": "MARKDOWN",
      "configured": true,
      "bounds": {
        "top": 532,
        "left": 1026,
        "width": 988,
        "height": 38
      },
      "tileFilter": {},
      "isAutoRefreshDisabled": false,
      "markdown": "----"
    },
    {
      "name": "Geolocation",
      "tileType": "HEADER",
      "configured": true,
      "bounds": {
        "top": 228,
        "left": 1292,
        "width": 266,
        "height": 38
      },
      "tileFilter": {},
      "isAutoRefreshDisabled": false
    },
    {
      "name": "Markdown",
      "tileType": "MARKDOWN",
      "configured": true,
      "bounds": {
        "top": 266,
        "left": 1292,
        "width": 266,
        "height": 38
      },
      "tileFilter": {},
      "isAutoRefreshDisabled": false,
      "markdown": "----"
    },
    {
      "name": "User Sessions Query",
      "tileType": "DTAQL",
      "configured": true,
      "bounds": {
        "top": 304,
        "left": 1292,
        "width": 266,
        "height": 152
      },
      "tileFilter": {},
      "isAutoRefreshDisabled": false,
      "customName": "Browser monitor",
      "query": "select COUNT(DISTINCT city) AS \"Villes\" from usersession where userType = \"SYNTHETIC\" ",
      "type": "SINGLE_VALUE",
      "timeFrameShift": "dynamic",
      "limit": 50
    },
    {
      "name": "User Sessions Query",
      "tileType": "DTAQL",
      "configured": true,
      "bounds": {
        "top": 228,
        "left": 1596,
        "width": 342,
        "height": 228
      },
      "tileFilter": {},
      "isAutoRefreshDisabled": false,
      "customName": "Apdex",
      "query": "SELECT apdexCategory, COUNT(*) AS \"Tests\"  FROM useraction where usersession.userType=\"SYNTHETIC\" GROUP BY apdexCategory ORDER BY  count(*) DESC",
      "type": "TABLE",
      "limit": 50
    },
    {
      "name": "User Sessions Query",
      "tileType": "DTAQL",
      "configured": true,
      "bounds": {
        "top": 1710,
        "left": 1026,
        "width": 988,
        "height": 304
      },
      "tileFilter": {},
      "isAutoRefreshDisabled": false,
      "customName": "Top Tests Apdex",
      "query": "SELECT  domain, top (useraction.name, 5) AS \"Name\", apdexCategory, COUNT(*) AS \"Count\"  FROM useraction where usersession.userType=\"SYNTHETIC\" GROUP BY apdexCategory, domain ORDER BY  count(*) DESC",
      "type": "TABLE",
      "limit": 50
    },
    {
      "name": "",
      "nameSize": "small",
      "tileType": "SYNTHETIC_TESTS",
      "configured": true,
      "bounds": {
        "top": 0,
        "left": 494,
        "width": 152,
        "height": 190
      },
      "tileFilter": {},
      "isAutoRefreshDisabled": false,
      "filterConfig": {
        "type": "WEB_CHECK",
        "customName": "Check",
        "defaultName": "Browser Active synthetic monitor",
        "chartConfig": {
          "legendShown": true,
          "type": "TIMESERIES",
          "series": [],
          "resultMetadata": {}
        },
        "filtersPerEntityType": {
          "WEB_CHECK": {
            "WEBCHECK_STATUS": [
              "Active"
            ],
            "WEBCHECK_TYPE": [
              "Availability"
            ]
          }
        }
      },
      "chartVisible": true
    },
    {
      "name": "Browser monitors",
      "tileType": "DATA_EXPLORER",
      "configured": true,
      "bounds": {
        "top": 304,
        "left": 76,
        "width": 266,
        "height": 152
      },
      "tileFilter": {},
      "isAutoRefreshDisabled": false,
      "customName": "Browser monitors",
      "queries": [
        {
          "id": "A",
          "metric": "builtin:synthetic.browser.availability.location.totalWoMaintenanceWindow",
          "spaceAggregation": "AVG",
          "timeAggregation": "DEFAULT",
          "splitBy": [],
          "filterBy": {
            "filterOperator": "AND",
            "nestedFilters": [],
            "criteria": []
          },
          "rate": "NONE",
          "enabled": true
        }
      ],
      "visualConfig": {
        "type": "SINGLE_VALUE",
        "global": {},
        "rules": [
          {
            "matcher": "A",
            "properties": {
              "seriesType": "LINE"
            },
            "seriesOverrides": []
          },
          {
            "matcher": "A:",
            "properties": {
              "color": "DEFAULT"
            },
            "seriesOverrides": []
          }
        ],
        "axes": {
          "xAxis": {
            "displayName": "",
            "visible": true
          },
          "yAxes": [
            {
              "displayName": "",
              "visible": true,
              "min": "AUTO",
              "max": "AUTO",
              "position": "LEFT",
              "queryIds": [
                "A",
                ""
              ],
              "defaultAxis": true
            }
          ]
        },
        "heatmapSettings": {
          "yAxis": "VALUE"
        },
        "thresholds": [],
        "tableSettings": {},
        "graphChartSettings": {
          "connectNulls": false
        },
        "honeycombSettings": {
          "showHive": true,
          "showLegend": true,
          "showLabels": false
        }
      },
      "metricExpressions": [
        "resolution=Inf&(builtin:synthetic.browser.availability.location.totalWoMaintenanceWindow:splitBy():avg:auto:sort(value(avg,descending)):limit(20)):limit(100):names",
        "resolution=null&(builtin:synthetic.browser.availability.location.totalWoMaintenanceWindow:splitBy():avg:auto:sort(value(avg,descending)):limit(20))"
      ]
    },
    {
      "name": "Browser monitor",
      "tileType": "DATA_EXPLORER",
      "configured": true,
      "bounds": {
        "top": 304,
        "left": 380,
        "width": 266,
        "height": 152
      },
      "tileFilter": {},
      "isAutoRefreshDisabled": false,
      "customName": "Browser monitor",
      "queries": [
        {
          "id": "A",
          "spaceAggregation": "AVG",
          "timeAggregation": "DEFAULT",
          "splitBy": [],
          "metricSelector": "builtin:billing.synthetic.actions:splitBy():value:auto:sort(value(sum,descending)):limit(10)",
          "rate": "NONE",
          "enabled": true
        }
      ],
      "visualConfig": {
        "type": "SINGLE_VALUE",
        "global": {},
        "rules": [
          {
            "matcher": "A",
            "properties": {
              "seriesType": "LINE"
            },
            "seriesOverrides": []
          },
          {
            "matcher": "A:",
            "properties": {
              "color": "DEFAULT"
            },
            "seriesOverrides": []
          }
        ],
        "axes": {
          "xAxis": {
            "displayName": "",
            "visible": true
          },
          "yAxes": [
            {
              "displayName": "",
              "visible": true,
              "min": "AUTO",
              "max": "AUTO",
              "position": "LEFT",
              "queryIds": [
                "A",
                ""
              ],
              "defaultAxis": true
            }
          ]
        },
        "heatmapSettings": {
          "yAxis": "VALUE"
        },
        "thresholds": [],
        "tableSettings": {},
        "graphChartSettings": {
          "connectNulls": false
        },
        "honeycombSettings": {
          "showHive": true,
          "showLegend": true,
          "showLabels": false
        }
      },
      "metricExpressions": [
        "resolution=Inf&(builtin:billing.synthetic.actions:splitBy():value:auto:sort(value(sum,descending)):limit(10)):limit(100):names",
        "resolution=null&(builtin:billing.synthetic.actions:splitBy():value:auto:sort(value(sum,descending)):limit(10))"
      ]
    },
    {
      "name": "Failed tests",
      "tileType": "DATA_EXPLORER",
      "configured": true,
      "bounds": {
        "top": 1330,
        "left": 0,
        "width": 342,
        "height": 304
      },
      "tileFilter": {},
      "isAutoRefreshDisabled": false,
      "customName": "Failed tests",
      "queries": [
        {
          "id": "A",
          "spaceAggregation": "AVG",
          "timeAggregation": "DEFAULT",
          "splitBy": [],
          "metricSelector": "builtin:synthetic.browser.event.failure.geo:splitBy(\"dt.entity.synthetic_test_step\",\"dt.entity.geolocation\"):value:auto:sort(value(sum,descending)):limit(10)",
          "rate": "NONE",
          "enabled": true
        }
      ],
      "visualConfig": {
        "type": "TOP_LIST",
        "global": {},
        "rules": [
          {
            "matcher": "A",
            "properties": {
              "seriesType": "LINE"
            },
            "seriesOverrides": []
          },
          {
            "matcher": "A:",
            "properties": {
              "color": "DEFAULT"
            },
            "seriesOverrides": []
          }
        ],
        "axes": {
          "xAxis": {
            "displayName": "",
            "visible": true
          },
          "yAxes": [
            {
              "displayName": "",
              "visible": true,
              "min": "AUTO",
              "max": "AUTO",
              "position": "LEFT",
              "queryIds": [
                "A"
              ],
              "defaultAxis": true
            }
          ]
        },
        "heatmapSettings": {
          "yAxis": "VALUE"
        },
        "thresholds": [],
        "tableSettings": {},
        "graphChartSettings": {
          "connectNulls": false
        },
        "honeycombSettings": {
          "showHive": true,
          "showLegend": true,
          "showLabels": false
        }
      },
      "metricExpressions": [
        "resolution=Inf&(builtin:synthetic.browser.event.failure.geo:splitBy(\"dt.entity.synthetic_test_step\",\"dt.entity.geolocation\"):value:auto:sort(value(sum,descending)):limit(10)):limit(100):names"
      ]
    },
    {
      "name": "Tests : Successful / Failed",
      "tileType": "DATA_EXPLORER",
      "configured": true,
      "bounds": {
        "top": 1330,
        "left": 342,
        "width": 646,
        "height": 304
      },
      "tileFilter": {},
      "isAutoRefreshDisabled": false,
      "customName": "Tests : Successful / Failed",
      "queries": [
        {
          "id": "A",
          "spaceAggregation": "AVG",
          "timeAggregation": "DEFAULT",
          "splitBy": [],
          "metricSelector": "builtin:synthetic.browser.event.failure.geo:splitBy():value:auto:sort(value(sum,descending)):limit(10)",
          "rate": "NONE",
          "enabled": true
        },
        {
          "id": "B",
          "spaceAggregation": "AVG",
          "timeAggregation": "DEFAULT",
          "splitBy": [],
          "metricSelector": "builtin:synthetic.browser.event.success.geo:splitBy():value:auto:sort(value(sum,descending)):limit(10)",
          "rate": "NONE",
          "enabled": true
        }
      ],
      "visualConfig": {
        "type": "GRAPH_CHART",
        "global": {},
        "rules": [
          {
            "matcher": "A:",
            "properties": {
              "color": "DEFAULT",
              "seriesType": "AREA"
            },
            "seriesOverrides": []
          },
          {
            "matcher": "B:",
            "properties": {
              "color": "DEFAULT",
              "seriesType": "AREA"
            },
            "seriesOverrides": []
          }
        ],
        "axes": {
          "xAxis": {
            "displayName": "",
            "visible": true
          },
          "yAxes": [
            {
              "displayName": "",
              "visible": true,
              "min": "AUTO",
              "max": "AUTO",
              "position": "LEFT",
              "queryIds": [
                "A",
                "B"
              ],
              "defaultAxis": true
            }
          ]
        },
        "heatmapSettings": {
          "yAxis": "VALUE"
        },
        "thresholds": [
          {
            "axisTarget": "LEFT",
            "rules": [
              {
                "color": "#7dc540"
              },
              {
                "color": "#f5d30f"
              },
              {
                "color": "#dc172a"
              }
            ],
            "visible": true
          }
        ],
        "tableSettings": {},
        "graphChartSettings": {
          "connectNulls": false
        },
        "honeycombSettings": {
          "showHive": true,
          "showLegend": true,
          "showLabels": false
        }
      },
      "metricExpressions": [
        "resolution=null&(builtin:synthetic.browser.event.failure.geo:splitBy():value:auto:sort(value(sum,descending)):limit(10)):limit(100):names,(builtin:synthetic.browser.event.success.geo:splitBy():value:auto:sort(value(sum,descending)):limit(10)):limit(100):names"
      ]
    },
    {
      "name": "Visually complete (load action)",
      "tileType": "DATA_EXPLORER",
      "configured": true,
      "bounds": {
        "top": 1330,
        "left": 1026,
        "width": 342,
        "height": 304
      },
      "tileFilter": {},
      "isAutoRefreshDisabled": false,
      "customName": "Visually complete (load action)",
      "queries": [
        {
          "id": "A",
          "metric": "builtin:synthetic.browser.event.visuallyComplete.load",
          "spaceAggregation": "AVG",
          "timeAggregation": "DEFAULT",
          "splitBy": [
            "dt.entity.synthetic_test_step"
          ],
          "filterBy": {
            "filterOperator": "AND",
            "nestedFilters": [],
            "criteria": []
          },
          "rate": "NONE",
          "enabled": true
        }
      ],
      "visualConfig": {
        "type": "TOP_LIST",
        "global": {},
        "rules": [
          {
            "matcher": "A",
            "properties": {
              "seriesType": "LINE"
            },
            "seriesOverrides": []
          },
          {
            "matcher": "A:",
            "properties": {
              "color": "DEFAULT"
            },
            "seriesOverrides": []
          }
        ],
        "axes": {
          "xAxis": {
            "displayName": "",
            "visible": true
          },
          "yAxes": [
            {
              "displayName": "",
              "visible": true,
              "min": "AUTO",
              "max": "AUTO",
              "position": "LEFT",
              "queryIds": [
                "A"
              ],
              "defaultAxis": true
            }
          ]
        },
        "heatmapSettings": {
          "yAxis": "VALUE"
        },
        "thresholds": [],
        "tableSettings": {},
        "graphChartSettings": {
          "connectNulls": false
        },
        "honeycombSettings": {
          "showHive": true,
          "showLegend": true,
          "showLabels": false
        }
      },
      "metricExpressions": [
        "resolution=Inf&(builtin:synthetic.browser.event.visuallyComplete.load:splitBy(\"dt.entity.synthetic_test_step\"):avg:auto:sort(value(avg,descending)):limit(20)):limit(100):names"
      ]
    },
    {
      "name": " ",
      "tileType": "DATA_EXPLORER",
      "configured": true,
      "bounds": {
        "top": 1330,
        "left": 1368,
        "width": 646,
        "height": 304
      },
      "tileFilter": {},
      "isAutoRefreshDisabled": false,
      "customName": " ",
      "queries": [
        {
          "id": "A",
          "metric": "builtin:synthetic.browser.event.visuallyComplete.xhr.geo",
          "spaceAggregation": "AVG",
          "timeAggregation": "DEFAULT",
          "splitBy": [
            "dt.entity.synthetic_test_step"
          ],
          "filterBy": {
            "filterOperator": "AND",
            "nestedFilters": [],
            "criteria": []
          },
          "rate": "NONE",
          "enabled": true
        },
        {
          "id": "B",
          "metric": "builtin:synthetic.browser.event.visuallyComplete.load.geo",
          "spaceAggregation": "AVG",
          "timeAggregation": "DEFAULT",
          "splitBy": [
            "dt.entity.synthetic_test_step"
          ],
          "filterBy": {
            "filterOperator": "AND",
            "nestedFilters": [],
            "criteria": []
          },
          "rate": "NONE",
          "enabled": true
        }
      ],
      "visualConfig": {
        "type": "GRAPH_CHART",
        "global": {},
        "rules": [
          {
            "matcher": "A:",
            "properties": {
              "color": "DEFAULT",
              "seriesType": "AREA"
            },
            "seriesOverrides": []
          },
          {
            "matcher": "B:",
            "properties": {
              "color": "DEFAULT",
              "seriesType": "AREA"
            },
            "seriesOverrides": []
          }
        ],
        "axes": {
          "xAxis": {
            "displayName": "",
            "visible": true
          },
          "yAxes": [
            {
              "displayName": "",
              "visible": true,
              "min": "AUTO",
              "max": "AUTO",
              "position": "LEFT",
              "queryIds": [
                "A",
                "B"
              ],
              "defaultAxis": true
            }
          ]
        },
        "heatmapSettings": {
          "yAxis": "VALUE"
        },
        "thresholds": [
          {
            "axisTarget": "LEFT",
            "rules": [
              {
                "color": "#7dc540"
              },
              {
                "color": "#f5d30f"
              },
              {
                "color": "#dc172a"
              }
            ],
            "visible": true
          }
        ],
        "tableSettings": {},
        "graphChartSettings": {
          "connectNulls": false
        },
        "honeycombSettings": {
          "showHive": true,
          "showLegend": true,
          "showLabels": false
        }
      },
      "metricExpressions": [
        "resolution=null&(builtin:synthetic.browser.event.visuallyComplete.xhr.geo:splitBy(\"dt.entity.synthetic_test_step\"):avg:auto:sort(value(avg,descending)):limit(20)):limit(100):names,(builtin:synthetic.browser.event.visuallyComplete.load.geo:splitBy(\"dt.entity.synthetic_test_step\"):avg:auto:sort(value(avg,descending)):limit(20)):limit(100):names"
      ]
    },
    {
      "name": " ",
      "tileType": "DATA_EXPLORER",
      "configured": true,
      "bounds": {
        "top": 1710,
        "left": 0,
        "width": 266,
        "height": 304
      },
      "tileFilter": {},
      "isAutoRefreshDisabled": false,
      "customName": " ",
      "queries": [
        {
          "id": "A",
          "spaceAggregation": "AVG",
          "timeAggregation": "DEFAULT",
          "splitBy": [],
          "metricSelector": "builtin:synthetic.browser.errorCodes.geo:splitBy(\"dt.entity.synthetic_test\",\"By error code\"):value:auto:sort(value(sum,descending)):limit(10)",
          "rate": "NONE",
          "enabled": true
        }
      ],
      "visualConfig": {
        "type": "TOP_LIST",
        "global": {},
        "rules": [
          {
            "matcher": "A",
            "properties": {
              "seriesType": "LINE"
            },
            "seriesOverrides": []
          },
          {
            "matcher": "A:",
            "properties": {
              "color": "DEFAULT"
            },
            "seriesOverrides": []
          }
        ],
        "axes": {
          "xAxis": {
            "displayName": "",
            "visible": true
          },
          "yAxes": [
            {
              "displayName": "",
              "visible": true,
              "min": "AUTO",
              "max": "AUTO",
              "position": "LEFT",
              "queryIds": [
                "A"
              ],
              "defaultAxis": true
            }
          ]
        },
        "heatmapSettings": {
          "yAxis": "VALUE"
        },
        "thresholds": [],
        "tableSettings": {},
        "graphChartSettings": {
          "connectNulls": false
        },
        "honeycombSettings": {
          "showHive": true,
          "showLegend": true,
          "showLabels": false
        }
      },
      "metricExpressions": [
        "resolution=Inf&(builtin:synthetic.browser.errorCodes.geo:splitBy(\"dt.entity.synthetic_test\",\"By error code\"):value:auto:sort(value(sum,descending)):limit(10)):limit(100):names"
      ]
    },
    {
      "name": " ",
      "tileType": "DATA_EXPLORER",
      "configured": true,
      "bounds": {
        "top": 1710,
        "left": 266,
        "width": 722,
        "height": 304
      },
      "tileFilter": {},
      "isAutoRefreshDisabled": false,
      "customName": " ",
      "queries": [
        {
          "id": "A",
          "spaceAggregation": "AVG",
          "timeAggregation": "DEFAULT",
          "splitBy": [],
          "metricSelector": "builtin:synthetic.browser.errorCodes.geo:splitBy(\"dt.entity.synthetic_test\",\"By error code\"):value:auto:sort(value(sum,descending)):limit(10)",
          "rate": "NONE",
          "enabled": true
        }
      ],
      "visualConfig": {
        "type": "GRAPH_CHART",
        "global": {},
        "rules": [
          {
            "matcher": "A:",
            "properties": {
              "color": "DEFAULT",
              "seriesType": "COLUMN"
            },
            "seriesOverrides": []
          }
        ],
        "axes": {
          "xAxis": {
            "displayName": "",
            "visible": true
          },
          "yAxes": [
            {
              "displayName": "",
              "visible": true,
              "min": "AUTO",
              "max": "AUTO",
              "position": "LEFT",
              "queryIds": [
                "A"
              ],
              "defaultAxis": true
            }
          ]
        },
        "heatmapSettings": {
          "yAxis": "VALUE"
        },
        "thresholds": [
          {
            "axisTarget": "LEFT",
            "rules": [
              {
                "color": "#7dc540"
              },
              {
                "color": "#f5d30f"
              },
              {
                "color": "#dc172a"
              }
            ],
            "visible": true
          }
        ],
        "tableSettings": {},
        "graphChartSettings": {
          "connectNulls": false
        },
        "honeycombSettings": {
          "showHive": true,
          "showLegend": true,
          "showLabels": false
        }
      },
      "metricExpressions": [
        "resolution=null&(builtin:synthetic.browser.errorCodes.geo:splitBy(\"dt.entity.synthetic_test\",\"By error code\"):value:auto:sort(value(sum,descending)):limit(10)):limit(100):names"
      ]
    },
    {
      "name": "Unavailability by geolocation",
      "tileType": "HEADER",
      "configured": true,
      "bounds": {
        "top": 874,
        "left": 1026,
        "width": 494,
        "height": 38
      },
      "tileFilter": {},
      "isAutoRefreshDisabled": false
    },
    {
      "name": "Unavailability by synthetic",
      "tileType": "HEADER",
      "configured": true,
      "bounds": {
        "top": 874,
        "left": 0,
        "width": 494,
        "height": 38
      },
      "tileFilter": {},
      "isAutoRefreshDisabled": false
    },
    {
      "name": "Markdown",
      "tileType": "MARKDOWN",
      "configured": true,
      "bounds": {
        "top": 912,
        "left": 0,
        "width": 988,
        "height": 38
      },
      "tileFilter": {},
      "isAutoRefreshDisabled": false,
      "markdown": "----"
    },
    {
      "name": "Markdown",
      "tileType": "MARKDOWN",
      "configured": true,
      "bounds": {
        "top": 912,
        "left": 1026,
        "width": 988,
        "height": 38
      },
      "tileFilter": {},
      "isAutoRefreshDisabled": false,
      "markdown": "----"
    },
    {
      "name": "Markdown",
      "tileType": "MARKDOWN",
      "configured": true,
      "bounds": {
        "top": 0,
        "left": 1558,
        "width": 266,
        "height": 38
      },
      "tileFilter": {},
      "isAutoRefreshDisabled": false,
      "markdown": "🎯[SLO simply smarter](#dashboard;id=bbbbbbbb-a003-a017-0008-000000000133;) \n"
    },
    {
      "name": "Failure count",
      "tileType": "DATA_EXPLORER",
      "configured": true,
      "bounds": {
        "top": 950,
        "left": 0,
        "width": 988,
        "height": 304
      },
      "tileFilter": {},
      "isAutoRefreshDisabled": false,
      "customName": "Tests : Successful / Failed",
      "queries": [
        {
          "id": "A",
          "timeAggregation": "DEFAULT",
          "splitBy": [
            "dt.entity.synthetic_test"
          ],
          "metricSelector": "(100- builtin:synthetic.browser.availability.location.total:splitBy(\"dt.entity.synthetic_test\")):sort(value(sum,descending)):limit(20)",
          "rate": "NONE",
          "enabled": true
        }
      ],
      "visualConfig": {
        "type": "HEATMAP",
        "global": {
          "hideLegend": false
        },
        "rules": [
          {
            "matcher": "A:",
            "unitTransform": "auto",
            "valueFormat": "auto",
            "properties": {
              "color": "RED",
              "seriesType": "AREA"
            },
            "seriesOverrides": []
          }
        ],
        "axes": {
          "xAxis": {
            "visible": true
          },
          "yAxes": []
        },
        "heatmapSettings": {
          "yAxis": "DIMENSIONS",
          "xAxisBuckets": 60
        },
        "thresholds": [
          {
            "axisTarget": "LEFT",
            "rules": [
              {
                "color": "#7dc540"
              },
              {
                "color": "#f5d30f"
              },
              {
                "color": "#dc172a"
              }
            ],
            "queryId": "",
            "visible": true
          }
        ],
        "tableSettings": {
          "isThresholdBackgroundAppliedToCell": false
        },
        "graphChartSettings": {
          "connectNulls": false
        },
        "honeycombSettings": {
          "showHive": true,
          "showLegend": true,
          "showLabels": false
        }
      },
      "queriesSettings": {
        "resolution": ""
      },
      "metricExpressions": [
        "resolution=null&((100 - builtin:synthetic.browser.availability.location.total:splitBy(\"dt.entity.synthetic_test\")):sort(value(sum,descending)):limit(20)):limit(100):names"
      ]
    },
    {
      "name": "Failure rate",
      "tileType": "DATA_EXPLORER",
      "configured": true,
      "bounds": {
        "top": 570,
        "left": 0,
        "width": 342,
        "height": 304
      },
      "tileFilter": {},
      "isAutoRefreshDisabled": false,
      "customName": " ",
      "queries": [
        {
          "id": "A",
          "metric": "builtin:synthetic.browser.availability.location.totalWoMaintenanceWindow",
          "spaceAggregation": "AVG",
          "timeAggregation": "DEFAULT",
          "splitBy": [
            "dt.entity.synthetic_test"
          ],
          "sortBy": "ASC",
          "filterBy": {
            "filterOperator": "AND",
            "nestedFilters": [],
            "criteria": []
          },
          "rate": "NONE",
          "enabled": true
        }
      ],
      "visualConfig": {
        "type": "TOP_LIST",
        "global": {
          "hideLegend": false
        },
        "rules": [
          {
            "matcher": "A:",
            "properties": {
              "color": "DEFAULT"
            },
            "seriesOverrides": []
          }
        ],
        "axes": {
          "xAxis": {
            "displayName": "",
            "visible": true
          },
          "yAxes": [
            {
              "displayName": "",
              "visible": true,
              "min": "AUTO",
              "max": "AUTO",
              "position": "LEFT",
              "queryIds": [
                "A"
              ],
              "defaultAxis": true
            }
          ]
        },
        "heatmapSettings": {
          "yAxis": "VALUE"
        },
        "thresholds": [
          {
            "axisTarget": "LEFT",
            "rules": [
              {
                "value": 98,
                "color": "#7dc540"
              },
              {
                "value": 95,
                "color": "#f5d30f"
              },
              {
                "value": 0,
                "color": "#dc172a"
              }
            ],
            "queryId": "",
            "visible": true
          }
        ],
        "tableSettings": {
          "isThresholdBackgroundAppliedToCell": false
        },
        "graphChartSettings": {
          "connectNulls": false
        },
        "honeycombSettings": {
          "showHive": true,
          "showLegend": true,
          "showLabels": false
        }
      },
      "queriesSettings": {
        "resolution": ""
      },
      "metricExpressions": [
        "resolution=Inf&(builtin:synthetic.browser.availability.location.totalWoMaintenanceWindow:splitBy(\"dt.entity.synthetic_test\"):avg:auto:sort(value(avg,ascending)):limit(20)):limit(100):names"
      ]
    },
    {
      "name": " ",
      "tileType": "DATA_EXPLORER",
      "configured": true,
      "bounds": {
        "top": 570,
        "left": 342,
        "width": 646,
        "height": 304
      },
      "tileFilter": {},
      "isAutoRefreshDisabled": false,
      "customName": " ",
      "queries": [
        {
          "id": "A",
          "metric": "builtin:synthetic.browser.availability.location.totalWoMaintenanceWindow",
          "spaceAggregation": "AVG",
          "timeAggregation": "DEFAULT",
          "splitBy": [
            "dt.entity.synthetic_test"
          ],
          "sortBy": "ASC",
          "filterBy": {
            "filterOperator": "AND",
            "nestedFilters": [],
            "criteria": []
          },
          "rate": "NONE",
          "enabled": true
        }
      ],
      "visualConfig": {
        "type": "HEATMAP",
        "global": {
          "hideLegend": true
        },
        "rules": [
          {
            "matcher": "A:",
            "unitTransform": "auto",
            "valueFormat": "auto",
            "properties": {
              "color": "DEFAULT",
              "seriesType": "AREA"
            },
            "seriesOverrides": []
          }
        ],
        "axes": {
          "xAxis": {
            "displayName": "",
            "visible": true
          },
          "yAxes": [
            {
              "displayName": "",
              "visible": true,
              "min": "AUTO",
              "max": "AUTO",
              "position": "LEFT",
              "queryIds": [
                "A"
              ],
              "defaultAxis": true
            }
          ]
        },
        "heatmapSettings": {
          "yAxis": "DIMENSIONS",
          "xAxisBuckets": 60
        },
        "thresholds": [
          {
            "axisTarget": "LEFT",
            "rules": [
              {
                "value": 98,
                "color": "#7dc540"
              },
              {
                "value": 95,
                "color": "#f5d30f"
              },
              {
                "value": 0,
                "color": "#dc172a"
              }
            ],
            "queryId": "",
            "visible": true
          }
        ],
        "tableSettings": {
          "isThresholdBackgroundAppliedToCell": false
        },
        "graphChartSettings": {
          "connectNulls": false
        },
        "honeycombSettings": {
          "showHive": true,
          "showLegend": true,
          "showLabels": false
        }
      },
      "queriesSettings": {
        "resolution": ""
      },
      "metricExpressions": [
        "resolution=null&(builtin:synthetic.browser.availability.location.totalWoMaintenanceWindow:splitBy(\"dt.entity.synthetic_test\"):avg:auto:sort(value(avg,ascending)):limit(20)):limit(100):names"
      ]
    },
    {
      "name": "Failure rate",
      "tileType": "DATA_EXPLORER",
      "configured": true,
      "bounds": {
        "top": 570,
        "left": 1026,
        "width": 342,
        "height": 304
      },
      "tileFilter": {},
      "isAutoRefreshDisabled": false,
      "customName": " ",
      "queries": [
        {
          "id": "A",
          "metric": "builtin:synthetic.browser.availability.location.totalWoMaintenanceWindow",
          "spaceAggregation": "AVG",
          "timeAggregation": "DEFAULT",
          "splitBy": [
            "dt.entity.geolocation"
          ],
          "sortBy": "ASC",
          "filterBy": {
            "filterOperator": "AND",
            "nestedFilters": [],
            "criteria": []
          },
          "rate": "NONE",
          "enabled": true
        }
      ],
      "visualConfig": {
        "type": "TOP_LIST",
        "global": {
          "hideLegend": false
        },
        "rules": [
          {
            "matcher": "A:",
            "properties": {
              "color": "DEFAULT"
            },
            "seriesOverrides": []
          }
        ],
        "axes": {
          "xAxis": {
            "displayName": "",
            "visible": true
          },
          "yAxes": [
            {
              "displayName": "",
              "visible": true,
              "min": "AUTO",
              "max": "AUTO",
              "position": "LEFT",
              "queryIds": [
                "A"
              ],
              "defaultAxis": true
            }
          ]
        },
        "heatmapSettings": {
          "yAxis": "VALUE"
        },
        "thresholds": [
          {
            "axisTarget": "LEFT",
            "rules": [
              {
                "value": 98,
                "color": "#7dc540"
              },
              {
                "value": 95,
                "color": "#f5d30f"
              },
              {
                "value": 0,
                "color": "#dc172a"
              }
            ],
            "queryId": "",
            "visible": true
          }
        ],
        "tableSettings": {
          "isThresholdBackgroundAppliedToCell": false
        },
        "graphChartSettings": {
          "connectNulls": false
        },
        "honeycombSettings": {
          "showHive": true,
          "showLegend": true,
          "showLabels": false
        }
      },
      "queriesSettings": {
        "resolution": ""
      },
      "metricExpressions": [
        "resolution=Inf&(builtin:synthetic.browser.availability.location.totalWoMaintenanceWindow:splitBy(\"dt.entity.geolocation\"):avg:auto:sort(value(avg,ascending)):limit(20)):limit(100):names"
      ]
    },
    {
      "name": " ",
      "tileType": "DATA_EXPLORER",
      "configured": true,
      "bounds": {
        "top": 570,
        "left": 1368,
        "width": 646,
        "height": 304
      },
      "tileFilter": {},
      "isAutoRefreshDisabled": false,
      "customName": " ",
      "queries": [
        {
          "id": "A",
          "metric": "builtin:synthetic.browser.availability.location.totalWoMaintenanceWindow",
          "spaceAggregation": "AVG",
          "timeAggregation": "DEFAULT",
          "splitBy": [
            "dt.entity.geolocation"
          ],
          "sortBy": "ASC",
          "filterBy": {
            "filterOperator": "AND",
            "nestedFilters": [],
            "criteria": []
          },
          "rate": "NONE",
          "enabled": true
        }
      ],
      "visualConfig": {
        "type": "HEATMAP",
        "global": {
          "hideLegend": true
        },
        "rules": [
          {
            "matcher": "A:",
            "unitTransform": "auto",
            "valueFormat": "auto",
            "properties": {
              "color": "DEFAULT",
              "seriesType": "AREA"
            },
            "seriesOverrides": []
          }
        ],
        "axes": {
          "xAxis": {
            "displayName": "",
            "visible": true
          },
          "yAxes": [
            {
              "displayName": "",
              "visible": true,
              "min": "AUTO",
              "max": "AUTO",
              "position": "LEFT",
              "queryIds": [
                "A"
              ],
              "defaultAxis": true
            }
          ]
        },
        "heatmapSettings": {
          "yAxis": "DIMENSIONS",
          "xAxisBuckets": 60
        },
        "thresholds": [
          {
            "axisTarget": "LEFT",
            "rules": [
              {
                "value": 98,
                "color": "#7dc540"
              },
              {
                "value": 95,
                "color": "#f5d30f"
              },
              {
                "value": 0,
                "color": "#dc172a"
              }
            ],
            "queryId": "",
            "visible": true
          }
        ],
        "tableSettings": {
          "isThresholdBackgroundAppliedToCell": false
        },
        "graphChartSettings": {
          "connectNulls": false
        },
        "honeycombSettings": {
          "showHive": true,
          "showLegend": true,
          "showLabels": false
        }
      },
      "queriesSettings": {
        "resolution": ""
      },
      "metricExpressions": [
        "resolution=null&(builtin:synthetic.browser.availability.location.totalWoMaintenanceWindow:splitBy(\"dt.entity.geolocation\"):avg:auto:sort(value(avg,ascending)):limit(20)):limit(100):names"
      ]
    },
    {
      "name": "Failure count",
      "tileType": "DATA_EXPLORER",
      "configured": true,
      "bounds": {
        "top": 950,
        "left": 1026,
        "width": 988,
        "height": 304
      },
      "tileFilter": {},
      "isAutoRefreshDisabled": false,
      "customName": "Tests : Successful / Failed",
      "queries": [
        {
          "id": "A",
          "timeAggregation": "DEFAULT",
          "splitBy": [
            "dt.entity.geolocation"
          ],
          "metricSelector": "(100 - builtin:synthetic.browser.availability.location.total):splitBy(\"dt.entity.geolocation\"):sort(value(sum,descending)):limit(20)",
          "rate": "NONE",
          "enabled": true
        }
      ],
      "visualConfig": {
        "type": "HEATMAP",
        "global": {
          "hideLegend": false
        },
        "rules": [
          {
            "matcher": "A:",
            "unitTransform": "auto",
            "valueFormat": "auto",
            "properties": {
              "color": "RED",
              "seriesType": "AREA"
            },
            "seriesOverrides": []
          }
        ],
        "axes": {
          "xAxis": {
            "visible": true
          },
          "yAxes": []
        },
        "heatmapSettings": {
          "yAxis": "DIMENSIONS",
          "xAxisBuckets": 60
        },
        "thresholds": [
          {
            "axisTarget": "LEFT",
            "rules": [
              {
                "color": "#7dc540"
              },
              {
                "color": "#f5d30f"
              },
              {
                "color": "#dc172a"
              }
            ],
            "queryId": "",
            "visible": true
          }
        ],
        "tableSettings": {
          "isThresholdBackgroundAppliedToCell": false
        },
        "graphChartSettings": {
          "connectNulls": false
        },
        "honeycombSettings": {
          "showHive": true,
          "showLegend": true,
          "showLabels": false
        }
      },
      "queriesSettings": {
        "resolution": ""
      },
      "metricExpressions": [
        "resolution=null&((100 - builtin:synthetic.browser.availability.location.total):splitBy(\"dt.entity.geolocation\"):sort(value(sum,descending)):limit(20)):limit(100):names"
      ]
    },
    {
      "name": "",
      "nameSize": "small",
      "tileType": "SYNTHETIC_TESTS",
      "configured": true,
      "bounds": {
        "top": 0,
        "left": 342,
        "width": 152,
        "height": 190
      },
      "tileFilter": {},
      "isAutoRefreshDisabled": false,
      "filterConfig": {
        "type": "WEB_CHECK",
        "customName": "Clickpath",
        "defaultName": "Browser clickpath Active synthetic monitor",
        "chartConfig": {
          "legendShown": true,
          "type": "TIMESERIES",
          "series": [],
          "resultMetadata": {}
        },
        "filtersPerEntityType": {
          "WEB_CHECK": {
            "WEBCHECK_STATUS": [
              "Active"
            ],
            "WEBCHECK_TYPE": [
              "Clickpath"
            ]
          }
        }
      },
      "chartVisible": true
    },
    {
      "name": "",
      "nameSize": "small",
      "tileType": "APPLICATIONS",
      "configured": true,
      "bounds": {
        "top": 38,
        "left": 190,
        "width": 152,
        "height": 152
      },
      "tileFilter": {},
      "isAutoRefreshDisabled": false,
      "filterConfig": {
        "type": "APPLICATION",
        "customName": "Applications",
        "defaultName": "Monitored applications",
        "chartConfig": {
          "legendShown": true,
          "type": "TIMESERIES",
          "series": [],
          "resultMetadata": {}
        },
        "filtersPerEntityType": {
          "APPLICATION": {
            "APPLICATION_STATUS": [
              "0"
            ]
          }
        }
      },
      "chartVisible": true
    }
  ]
}