{
  "metadata": {
    "configurationVersions": [
      6
    ],
    "clusterVersion": "1.260.137.20230220-113153"
  },
  "id": "bbbbbbbb-a003-a017-0003-000000000133",
  "dashboardMetadata": {
    "name": "✔ User experience (mobile apps)",
    "shared": true,
    "owner": "jean.louis.lormeau@dynatrace.com",
    "tags": [
      "Configurator",
      "smarter"
    ],
    "popularity": 1,
    "hasConsistentColors": false
  },
  "tiles": [
    {
      "name": "Markdown",
      "tileType": "MARKDOWN",
      "configured": true,
      "bounds": {
        "top": 0,
        "left": 1292,
        "width": 266,
        "height": 38
      },
      "tileFilter": {},
      "isAutoRefreshDisabled": false,
      "markdown": "🏠 [Dynatrace: simply smarter](#dashboard;id=bbbbbbbb-a003-a017-0000-000000000133)\n"
    },
    {
      "name": "Markdown",
      "tileType": "MARKDOWN",
      "configured": true,
      "bounds": {
        "top": 38,
        "left": 1140,
        "width": 266,
        "height": 190
      },
      "tileFilter": {},
      "isAutoRefreshDisabled": false,
      "markdown": "## 🔍 [Digital experience](#dashboard;id=bbbbbbbb-a003-a017-0002-000000000133)\n***\n\n- [web applications](#dashboard;id=bbbbbbbb-a003-a017-0002-000000000133)\n- ✅ [mobile or custom app](#dashboard;id=bbbbbbbb-a003-a017-0003-000000000133)\n- [synthetic (browser)](#dashboard;id=bbbbbbbb-a003-a017-0004-000000000133) \n- [visits↗](/ui/user-sessions) \n- [frustrated visits↗](/ui/user-sessions?gwtMpd=Y&filtrfilterUXScore=1&filter=uxScore:Frustrating) "
    },
    {
      "name": "Markdown",
      "tileType": "MARKDOWN",
      "configured": true,
      "bounds": {
        "top": 38,
        "left": 1406,
        "width": 266,
        "height": 190
      },
      "tileFilter": {},
      "isAutoRefreshDisabled": false,
      "markdown": "🔍 [Services](#dashboard;id=bbbbbbbb-a003-a017-0001-000000000133) \n***\n\n- [services](#dashboard;id=bbbbbbbb-a003-a017-0001-000000000133) \n- [database services](#dashboard;id=bbbbbbbb-a003-a017-0005-000000000133) \n- [synthetic (service)](#dashboard;id=bbbbbbbb-a003-a017-0006-000000000133) \n- [slow requests↗](/ui/diagnostictools/mda?mdaId=topweb&metric=REQUEST_COUNT&dimension=%7BRequest:Name%7D&mergeServices=false&aggregation=COUNT&percentile=80&chart=COLUMN&servicefilter=0%1E0%11500000%144611686018427387%1026%111%1026%112) \n- [failed requests↗](/ui/diagnostictools/mda?mdaId=topweb&metric=REQUEST_COUNT&dimension=%7BRequest:Name%7D&mergeServices=false&aggregation=COUNT&percentile=80&chart=COLUMN&servicefilter=0%1E3%110%1026%112%1026%111) \n"
    },
    {
      "name": "Markdown",
      "tileType": "MARKDOWN",
      "configured": true,
      "bounds": {
        "top": 38,
        "left": 1672,
        "width": 266,
        "height": 190
      },
      "tileFilter": {},
      "isAutoRefreshDisabled": false,
      "markdown": "🔍 [Infrastructure & cloud](#dashboard;id=bbbbbbbb-a003-a017-0007-000000000133)\n***\n- [infrastructure](#dashboard;id=bbbbbbbb-a003-a017-0007-000000000133)\n- [logs↗](ui/log-monitoring)\n- [techno↗](#newprocessessummary)\n- [containers↗](/ui/entity/list/CONTAINER_GROUP)\n- [kubernetes↗](/ui/kubernetes)"
    },
    {
      "name": "🚦Health",
      "tileType": "HEADER",
      "configured": true,
      "bounds": {
        "top": 0,
        "left": 532,
        "width": 228,
        "height": 38
      },
      "tileFilter": {},
      "isAutoRefreshDisabled": false
    },
    {
      "name": "Problems",
      "nameSize": "small",
      "tileType": "OPEN_PROBLEMS",
      "configured": true,
      "bounds": {
        "top": 38,
        "left": 38,
        "width": 152,
        "height": 152
      },
      "tileFilter": {},
      "isAutoRefreshDisabled": false
    },
    {
      "name": "Service health",
      "nameSize": "small",
      "tileType": "SERVICES",
      "configured": true,
      "bounds": {
        "top": 38,
        "left": 646,
        "width": 152,
        "height": 152
      },
      "tileFilter": {},
      "isAutoRefreshDisabled": false,
      "chartVisible": true
    },
    {
      "name": "Database health",
      "nameSize": "small",
      "tileType": "DATABASES_OVERVIEW",
      "configured": true,
      "bounds": {
        "top": 38,
        "left": 798,
        "width": 152,
        "height": 152
      },
      "tileFilter": {},
      "isAutoRefreshDisabled": false,
      "chartVisible": true
    },
    {
      "name": "Host health",
      "nameSize": "small",
      "tileType": "HOSTS",
      "configured": true,
      "bounds": {
        "top": 38,
        "left": 950,
        "width": 152,
        "height": 152
      },
      "tileFilter": {},
      "isAutoRefreshDisabled": false,
      "chartVisible": true
    },
    {
      "name": "Markdown",
      "tileType": "MARKDOWN",
      "configured": true,
      "bounds": {
        "top": 532,
        "left": 0,
        "width": 988,
        "height": 38
      },
      "tileFilter": {},
      "isAutoRefreshDisabled": false,
      "markdown": "----"
    },
    {
      "name": "Visites",
      "tileType": "HEADER",
      "configured": true,
      "bounds": {
        "top": 228,
        "left": 418,
        "width": 266,
        "height": 38
      },
      "tileFilter": {},
      "isAutoRefreshDisabled": false
    },
    {
      "name": "User actions",
      "tileType": "HEADER",
      "configured": true,
      "bounds": {
        "top": 228,
        "left": 722,
        "width": 266,
        "height": 38
      },
      "tileFilter": {},
      "isAutoRefreshDisabled": false
    },
    {
      "name": "Reponse time",
      "tileType": "HEADER",
      "configured": true,
      "bounds": {
        "top": 228,
        "left": 1026,
        "width": 304,
        "height": 38
      },
      "tileFilter": {},
      "isAutoRefreshDisabled": false
    },
    {
      "name": "Errors",
      "tileType": "HEADER",
      "configured": true,
      "bounds": {
        "top": 228,
        "left": 1330,
        "width": 152,
        "height": 38
      },
      "tileFilter": {},
      "isAutoRefreshDisabled": false
    },
    {
      "name": "Markdown",
      "tileType": "MARKDOWN",
      "configured": true,
      "bounds": {
        "top": 532,
        "left": 1026,
        "width": 988,
        "height": 38
      },
      "tileFilter": {},
      "isAutoRefreshDisabled": false,
      "markdown": "----"
    },
    {
      "name": "Markdown",
      "tileType": "MARKDOWN",
      "configured": true,
      "bounds": {
        "top": 266,
        "left": 1026,
        "width": 266,
        "height": 38
      },
      "tileFilter": {},
      "isAutoRefreshDisabled": false,
      "markdown": "----"
    },
    {
      "name": "User experience",
      "tileType": "HEADER",
      "configured": true,
      "bounds": {
        "top": 494,
        "left": 0,
        "width": 494,
        "height": 38
      },
      "tileFilter": {},
      "isAutoRefreshDisabled": false
    },
    {
      "name": "Response time",
      "tileType": "HEADER",
      "configured": true,
      "bounds": {
        "top": 494,
        "left": 1026,
        "width": 494,
        "height": 38
      },
      "tileFilter": {},
      "isAutoRefreshDisabled": false
    },
    {
      "name": "Top user actions > 12 sec",
      "tileType": "HEADER",
      "configured": true,
      "bounds": {
        "top": 1254,
        "left": 0,
        "width": 494,
        "height": 38
      },
      "tileFilter": {},
      "isAutoRefreshDisabled": false
    },
    {
      "name": "Markdown",
      "tileType": "MARKDOWN",
      "configured": true,
      "bounds": {
        "top": 1292,
        "left": 0,
        "width": 988,
        "height": 38
      },
      "tileFilter": {},
      "isAutoRefreshDisabled": false,
      "markdown": "----"
    },
    {
      "name": "Markdown",
      "tileType": "MARKDOWN",
      "configured": true,
      "bounds": {
        "top": 1292,
        "left": 1026,
        "width": 988,
        "height": 38
      },
      "tileFilter": {},
      "isAutoRefreshDisabled": false,
      "markdown": "----"
    },
    {
      "name": "Top user actions with error",
      "tileType": "HEADER",
      "configured": true,
      "bounds": {
        "top": 1254,
        "left": 1026,
        "width": 494,
        "height": 38
      },
      "tileFilter": {},
      "isAutoRefreshDisabled": false
    },
    {
      "name": "Markdown",
      "tileType": "MARKDOWN",
      "configured": true,
      "bounds": {
        "top": 1672,
        "left": 1026,
        "width": 988,
        "height": 38
      },
      "tileFilter": {},
      "isAutoRefreshDisabled": false,
      "markdown": "----"
    },
    {
      "name": "Slowest user actions",
      "tileType": "HEADER",
      "configured": true,
      "bounds": {
        "top": 1634,
        "left": 1026,
        "width": 494,
        "height": 38
      },
      "tileFilter": {},
      "isAutoRefreshDisabled": false
    },
    {
      "name": "Apdex",
      "tileType": "HEADER",
      "configured": true,
      "bounds": {
        "top": 874,
        "left": 0,
        "width": 494,
        "height": 38
      },
      "tileFilter": {},
      "isAutoRefreshDisabled": false
    },
    {
      "name": "Markdown",
      "tileType": "MARKDOWN",
      "configured": true,
      "bounds": {
        "top": 912,
        "left": 0,
        "width": 988,
        "height": 38
      },
      "tileFilter": {},
      "isAutoRefreshDisabled": false,
      "markdown": "----"
    },
    {
      "name": "Markdown",
      "tileType": "MARKDOWN",
      "configured": true,
      "bounds": {
        "top": 1672,
        "left": 0,
        "width": 988,
        "height": 38
      },
      "tileFilter": {},
      "isAutoRefreshDisabled": false,
      "markdown": "----"
    },
    {
      "name": "Details",
      "tileType": "HEADER",
      "configured": true,
      "bounds": {
        "top": 1634,
        "left": 0,
        "width": 494,
        "height": 38
      },
      "tileFilter": {},
      "isAutoRefreshDisabled": false
    },
    {
      "name": "Markdown",
      "tileType": "MARKDOWN",
      "configured": true,
      "bounds": {
        "top": 266,
        "left": 418,
        "width": 266,
        "height": 38
      },
      "tileFilter": {},
      "isAutoRefreshDisabled": false,
      "markdown": "----"
    },
    {
      "name": "Markdown",
      "tileType": "MARKDOWN",
      "configured": true,
      "bounds": {
        "top": 266,
        "left": 722,
        "width": 266,
        "height": 38
      },
      "tileFilter": {},
      "isAutoRefreshDisabled": false,
      "markdown": "----"
    },
    {
      "name": "Markdown",
      "tileType": "MARKDOWN",
      "configured": true,
      "bounds": {
        "top": 266,
        "left": 1330,
        "width": 266,
        "height": 38
      },
      "tileFilter": {},
      "isAutoRefreshDisabled": false,
      "markdown": "----"
    },
    {
      "name": "User experience",
      "tileType": "HEADER",
      "configured": true,
      "bounds": {
        "top": 228,
        "left": 114,
        "width": 304,
        "height": 38
      },
      "tileFilter": {},
      "isAutoRefreshDisabled": false
    },
    {
      "name": "Markdown",
      "tileType": "MARKDOWN",
      "configured": true,
      "bounds": {
        "top": 266,
        "left": 114,
        "width": 266,
        "height": 38
      },
      "tileFilter": {},
      "isAutoRefreshDisabled": false,
      "markdown": "----"
    },
    {
      "name": "Crashs",
      "tileType": "HEADER",
      "configured": true,
      "bounds": {
        "top": 874,
        "left": 1026,
        "width": 494,
        "height": 38
      },
      "tileFilter": {},
      "isAutoRefreshDisabled": false
    },
    {
      "name": "Markdown",
      "tileType": "MARKDOWN",
      "configured": true,
      "bounds": {
        "top": 912,
        "left": 1026,
        "width": 988,
        "height": 38
      },
      "tileFilter": {},
      "isAutoRefreshDisabled": false,
      "markdown": "----"
    },
    {
      "name": "Crashs",
      "tileType": "HEADER",
      "configured": true,
      "bounds": {
        "top": 228,
        "left": 1634,
        "width": 190,
        "height": 38
      },
      "tileFilter": {},
      "isAutoRefreshDisabled": false
    },
    {
      "name": "Markdown",
      "tileType": "MARKDOWN",
      "configured": true,
      "bounds": {
        "top": 266,
        "left": 1634,
        "width": 266,
        "height": 38
      },
      "tileFilter": {},
      "isAutoRefreshDisabled": false,
      "markdown": "----"
    },
    {
      "name": "",
      "nameSize": "small",
      "tileType": "APPLICATIONS",
      "configured": true,
      "bounds": {
        "top": 0,
        "left": 190,
        "width": 152,
        "height": 190
      },
      "tileFilter": {},
      "isAutoRefreshDisabled": false,
      "filterConfig": {
        "type": "APPLICATION",
        "customName": "Mobile apps",
        "defaultName": "Monitored Mobile apps ",
        "chartConfig": {
          "legendShown": true,
          "type": "TIMESERIES",
          "series": [],
          "resultMetadata": {}
        },
        "filtersPerEntityType": {
          "APPLICATION": {
            "APPLICATION_STATUS": [
              "0"
            ],
            "APPLICATION_TYPE": [
              "1"
            ]
          }
        }
      },
      "chartVisible": true
    },
    {
      "name": "",
      "nameSize": "small",
      "tileType": "SYNTHETIC_TESTS",
      "configured": true,
      "bounds": {
        "top": 38,
        "left": 494,
        "width": 152,
        "height": 152
      },
      "tileFilter": {},
      "isAutoRefreshDisabled": false,
      "filterConfig": {
        "type": "WEB_CHECK",
        "customName": "Synthetic",
        "defaultName": "Active synthetic monitor",
        "chartConfig": {
          "legendShown": true,
          "type": "TIMESERIES",
          "series": [],
          "resultMetadata": {}
        },
        "filtersPerEntityType": {
          "WEB_CHECK": {
            "WEBCHECK_STATUS": [
              "Active"
            ]
          }
        }
      },
      "chartVisible": true
    },
    {
      "name": "Action duration [avg]",
      "tileType": "DATA_EXPLORER",
      "configured": true,
      "bounds": {
        "top": 570,
        "left": 1026,
        "width": 988,
        "height": 304
      },
      "tileFilter": {},
      "isAutoRefreshDisabled": false,
      "customName": " ",
      "queries": [
        {
          "id": "A",
          "metric": "builtin:apps.other.uaDuration.osAndVersion",
          "spaceAggregation": "AVG",
          "timeAggregation": "DEFAULT",
          "splitBy": [
            "dt.entity.device_application"
          ],
          "filterBy": {
            "filterOperator": "AND",
            "nestedFilters": [],
            "criteria": []
          },
          "rate": "NONE",
          "enabled": true
        }
      ],
      "visualConfig": {
        "type": "GRAPH_CHART",
        "global": {},
        "rules": [
          {
            "matcher": "A:",
            "properties": {
              "color": "DEFAULT",
              "seriesType": "AREA"
            },
            "seriesOverrides": []
          }
        ],
        "axes": {
          "xAxis": {
            "displayName": "",
            "visible": true
          },
          "yAxes": [
            {
              "displayName": "",
              "visible": true,
              "min": "AUTO",
              "max": "AUTO",
              "position": "LEFT",
              "queryIds": [
                "A"
              ],
              "defaultAxis": true
            }
          ]
        },
        "heatmapSettings": {
          "yAxis": "VALUE"
        },
        "thresholds": [
          {
            "axisTarget": "LEFT",
            "rules": [
              {
                "color": "#7dc540"
              },
              {
                "color": "#f5d30f"
              },
              {
                "color": "#dc172a"
              }
            ],
            "visible": true
          }
        ],
        "tableSettings": {},
        "graphChartSettings": {
          "connectNulls": false
        },
        "honeycombSettings": {
          "showHive": true,
          "showLegend": true,
          "showLabels": false
        }
      },
      "metricExpressions": [
        "resolution=null&(builtin:apps.other.uaDuration.osAndVersion:splitBy(\"dt.entity.device_application\"):avg:auto:sort(value(avg,descending)):limit(20)):limit(100):names"
      ]
    },
    {
      "name": "Crash count (by os and app version)",
      "tileType": "DATA_EXPLORER",
      "configured": true,
      "bounds": {
        "top": 950,
        "left": 1026,
        "width": 342,
        "height": 304
      },
      "tileFilter": {},
      "isAutoRefreshDisabled": false,
      "customName": "Crash count (by os and app version)",
      "queries": [
        {
          "id": "A",
          "spaceAggregation": "AVG",
          "timeAggregation": "DEFAULT",
          "splitBy": [],
          "metricSelector": "builtin:apps.other.crashCount.osAndVersion:splitBy(\"dt.entity.os\",Version):value:auto:sort(value(sum,descending)):limit(10)",
          "rate": "NONE",
          "enabled": true
        }
      ],
      "visualConfig": {
        "type": "PIE_CHART",
        "global": {},
        "rules": [
          {
            "matcher": "A",
            "properties": {
              "seriesType": "LINE"
            },
            "seriesOverrides": []
          },
          {
            "matcher": "A:",
            "properties": {
              "color": "DEFAULT"
            },
            "seriesOverrides": []
          }
        ],
        "axes": {
          "xAxis": {
            "displayName": "",
            "visible": true
          },
          "yAxes": [
            {
              "displayName": "",
              "visible": true,
              "min": "AUTO",
              "max": "AUTO",
              "position": "LEFT",
              "queryIds": [
                "A"
              ],
              "defaultAxis": true
            }
          ]
        },
        "heatmapSettings": {
          "yAxis": "VALUE"
        },
        "thresholds": [],
        "tableSettings": {},
        "graphChartSettings": {
          "connectNulls": false
        },
        "honeycombSettings": {
          "showHive": true,
          "showLegend": true,
          "showLabels": false
        }
      },
      "metricExpressions": [
        "resolution=Inf&(builtin:apps.other.crashCount.osAndVersion:splitBy(\"dt.entity.os\",Version):value:auto:sort(value(sum,descending)):limit(10)):limit(100):names"
      ]
    },
    {
      "name": " ",
      "tileType": "DATA_EXPLORER",
      "configured": true,
      "bounds": {
        "top": 950,
        "left": 1368,
        "width": 646,
        "height": 304
      },
      "tileFilter": {},
      "isAutoRefreshDisabled": false,
      "customName": " ",
      "queries": [
        {
          "id": "A",
          "spaceAggregation": "AVG",
          "timeAggregation": "DEFAULT",
          "splitBy": [],
          "metricSelector": "builtin:apps.other.crashCount.osAndVersion:splitBy():value:auto:sort(value(sum,descending)):limit(10)",
          "rate": "NONE",
          "enabled": true
        }
      ],
      "visualConfig": {
        "type": "GRAPH_CHART",
        "global": {},
        "rules": [
          {
            "matcher": "A:",
            "properties": {
              "color": "DEFAULT",
              "seriesType": "COLUMN"
            },
            "seriesOverrides": []
          }
        ],
        "axes": {
          "xAxis": {
            "displayName": "",
            "visible": true
          },
          "yAxes": [
            {
              "displayName": "",
              "visible": true,
              "min": "AUTO",
              "max": "AUTO",
              "position": "LEFT",
              "queryIds": [
                "A"
              ],
              "defaultAxis": true
            }
          ]
        },
        "heatmapSettings": {
          "yAxis": "VALUE"
        },
        "thresholds": [
          {
            "axisTarget": "LEFT",
            "rules": [
              {
                "color": "#7dc540"
              },
              {
                "color": "#f5d30f"
              },
              {
                "color": "#dc172a"
              }
            ],
            "visible": true
          }
        ],
        "tableSettings": {},
        "graphChartSettings": {
          "connectNulls": false
        },
        "honeycombSettings": {
          "showHive": true,
          "showLegend": true,
          "showLabels": false
        }
      },
      "metricExpressions": [
        "resolution=null&(builtin:apps.other.crashCount.osAndVersion:splitBy():value:auto:sort(value(sum,descending)):limit(10)):limit(100):names"
      ]
    },
    {
      "name": "Markdown",
      "tileType": "MARKDOWN",
      "configured": true,
      "bounds": {
        "top": 0,
        "left": 1558,
        "width": 266,
        "height": 38
      },
      "tileFilter": {},
      "isAutoRefreshDisabled": false,
      "markdown": "🎯[SLO simply smarter](#dashboard;id=bbbbbbbb-a003-a017-0008-000000000133;) \n"
    },
    {
      "name": "ApdexCategory",
      "tileType": "DATA_EXPLORER",
      "configured": true,
      "bounds": {
        "top": 570,
        "left": 0,
        "width": 988,
        "height": 304
      },
      "tileFilter": {},
      "isAutoRefreshDisabled": false,
      "customName": "ApdexCategory",
      "queries": [
        {
          "id": "A",
          "timeAggregation": "DEFAULT",
          "splitBy": [
            "Apdex category"
          ],
          "metricSelector": "builtin:apps.other.uaCount.geoAndApdex:splitBy(\"Apdex category\"):value:auto:sort(value(sum,descending)):limit(10)",
          "rate": "NONE",
          "enabled": true
        }
      ],
      "visualConfig": {
        "type": "STACKED_AREA",
        "global": {
          "hideLegend": false
        },
        "rules": [
          {
            "matcher": "A:",
            "unitTransform": "auto",
            "valueFormat": "auto",
            "properties": {
              "color": "DEFAULT",
              "seriesType": "STACKED_AREA"
            },
            "seriesOverrides": [
              {
                "name": "SATISFIED",
                "color": "#008000"
              },
              {
                "name": "FRUSTRATED",
                "color": "#FF0000"
              },
              {
                "name": "TOLERATING",
                "color": "#f5d30f"
              }
            ]
          }
        ],
        "axes": {
          "xAxis": {
            "displayName": "",
            "visible": true
          },
          "yAxes": [
            {
              "displayName": "",
              "visible": true,
              "min": "AUTO",
              "max": "AUTO",
              "position": "LEFT",
              "queryIds": [
                "A"
              ],
              "defaultAxis": true
            }
          ]
        },
        "heatmapSettings": {
          "yAxis": "VALUE"
        },
        "thresholds": [
          {
            "axisTarget": "LEFT",
            "rules": [
              {
                "color": "#7dc540"
              },
              {
                "color": "#f5d30f"
              },
              {
                "color": "#dc172a"
              }
            ],
            "queryId": "",
            "visible": true
          }
        ],
        "tableSettings": {
          "isThresholdBackgroundAppliedToCell": false
        },
        "graphChartSettings": {
          "connectNulls": false
        },
        "honeycombSettings": {
          "showHive": true,
          "showLegend": true,
          "showLabels": false
        }
      },
      "queriesSettings": {
        "resolution": ""
      },
      "metricExpressions": [
        "resolution=null&(builtin:apps.other.uaCount.geoAndApdex:splitBy(\"Apdex category\"):value:auto:sort(value(sum,descending)):limit(10)):limit(100):names"
      ]
    },
    {
      "name": " ",
      "tileType": "DATA_EXPLORER",
      "configured": true,
      "bounds": {
        "top": 950,
        "left": 0,
        "width": 266,
        "height": 304
      },
      "tileFilter": {},
      "isAutoRefreshDisabled": false,
      "customName": " ",
      "queries": [
        {
          "id": "A",
          "timeAggregation": "DEFAULT",
          "splitBy": [
            "dt.entity.device_application"
          ],
          "metricSelector": "builtin:apps.other.apdex.osAndVersion:splitBy(\"dt.entity.device_application\"):sort(value(auto,ascending)):limit(20)",
          "rate": "NONE",
          "enabled": true
        }
      ],
      "visualConfig": {
        "type": "TOP_LIST",
        "global": {
          "hideLegend": false
        },
        "rules": [
          {
            "matcher": "A:",
            "unitTransform": "auto",
            "valueFormat": "auto",
            "properties": {
              "color": "DEFAULT",
              "seriesType": "AREA"
            },
            "seriesOverrides": []
          }
        ],
        "axes": {
          "xAxis": {
            "displayName": "",
            "visible": true
          },
          "yAxes": [
            {
              "displayName": "",
              "visible": true,
              "min": "AUTO",
              "max": "AUTO",
              "position": "LEFT",
              "queryIds": [
                "A"
              ],
              "defaultAxis": true
            }
          ]
        },
        "heatmapSettings": {
          "yAxis": "VALUE"
        },
        "thresholds": [
          {
            "axisTarget": "LEFT",
            "rules": [
              {
                "value": 0.85,
                "color": "#7dc540"
              },
              {
                "value": 0.5,
                "color": "#f5d30f"
              },
              {
                "value": 0,
                "color": "#dc172a"
              }
            ],
            "queryId": "",
            "visible": true
          }
        ],
        "tableSettings": {
          "isThresholdBackgroundAppliedToCell": false
        },
        "graphChartSettings": {
          "connectNulls": false
        },
        "honeycombSettings": {
          "showHive": true,
          "showLegend": true,
          "showLabels": false
        }
      },
      "queriesSettings": {
        "resolution": ""
      },
      "metricExpressions": [
        "resolution=Inf&(builtin:apps.other.apdex.osAndVersion:splitBy(\"dt.entity.device_application\"):sort(value(auto,ascending)):limit(20)):limit(100):names"
      ]
    },
    {
      "name": "",
      "nameSize": "small",
      "tileType": "APPLICATIONS",
      "configured": true,
      "bounds": {
        "top": 0,
        "left": 342,
        "width": 152,
        "height": 190
      },
      "tileFilter": {},
      "isAutoRefreshDisabled": false,
      "filterConfig": {
        "type": "APPLICATION",
        "customName": "Custom app",
        "defaultName": "Monitored Custom  applications",
        "chartConfig": {
          "legendShown": true,
          "type": "TIMESERIES",
          "series": [],
          "resultMetadata": {}
        },
        "filtersPerEntityType": {
          "APPLICATION": {
            "APPLICATION_STATUS": [
              "0"
            ],
            "APPLICATION_TYPE": [
              "4"
            ]
          }
        }
      },
      "chartVisible": true
    },
    {
      "name": "ApdexCategory",
      "tileType": "DATA_EXPLORER",
      "configured": true,
      "bounds": {
        "top": 304,
        "left": 114,
        "width": 266,
        "height": 152
      },
      "tileFilter": {},
      "isAutoRefreshDisabled": false,
      "customName": "ApdexCategory",
      "queries": [
        {
          "id": "A",
          "timeAggregation": "DEFAULT",
          "splitBy": [
            "Apdex category"
          ],
          "metricSelector": "builtin:apps.other.uaCount.geoAndApdex:splitBy(\"Apdex category\"):value:auto:sort(value(sum,descending)):limit(10)",
          "rate": "NONE",
          "enabled": true
        }
      ],
      "visualConfig": {
        "type": "TOP_LIST",
        "global": {
          "hideLegend": false
        },
        "rules": [
          {
            "matcher": "A:",
            "unitTransform": "auto",
            "valueFormat": "auto",
            "properties": {
              "color": "DEFAULT",
              "seriesType": "STACKED_AREA"
            },
            "seriesOverrides": [
              {
                "name": "SATISFIED",
                "color": "#008000"
              },
              {
                "name": "FRUSTRATED",
                "color": "#FF0000"
              },
              {
                "name": "TOLERATING",
                "color": "#f5d30f"
              }
            ]
          }
        ],
        "axes": {
          "xAxis": {
            "displayName": "",
            "visible": true
          },
          "yAxes": []
        },
        "heatmapSettings": {
          "yAxis": "VALUE"
        },
        "thresholds": [
          {
            "axisTarget": "LEFT",
            "rules": [
              {
                "color": "#7dc540"
              },
              {
                "color": "#f5d30f"
              },
              {
                "color": "#dc172a"
              }
            ],
            "queryId": "",
            "visible": true
          }
        ],
        "tableSettings": {
          "isThresholdBackgroundAppliedToCell": false
        },
        "graphChartSettings": {
          "connectNulls": false
        },
        "honeycombSettings": {
          "showHive": true,
          "showLegend": true,
          "showLabels": false
        }
      },
      "queriesSettings": {
        "resolution": ""
      },
      "metricExpressions": [
        "resolution=Inf&(builtin:apps.other.uaCount.geoAndApdex:splitBy(\"Apdex category\"):value:auto:sort(value(sum,descending)):limit(10)):limit(100):names"
      ]
    },
    {
      "name": "User Sessions Query",
      "tileType": "DTAQL",
      "configured": true,
      "bounds": {
        "top": 304,
        "left": 418,
        "width": 266,
        "height": 152
      },
      "tileFilter": {},
      "isAutoRefreshDisabled": false,
      "customName": "User sessions",
      "query": "select count(*) as \" \" from usersession WHERE usersession.applicationType NOT IS \"WEB_APPLICATION\"",
      "type": "SINGLE_VALUE",
      "timeFrameShift": "dynamic",
      "limit": 50
    },
    {
      "name": "User Sessions Query",
      "tileType": "DTAQL",
      "configured": true,
      "bounds": {
        "top": 304,
        "left": 722,
        "width": 266,
        "height": 152
      },
      "tileFilter": {},
      "isAutoRefreshDisabled": false,
      "customName": " User actions",
      "query": "select count(*) as \" \" from useraction WHERE usersession.applicationType NOT IS \"WEB_APPLICATION\"",
      "type": "SINGLE_VALUE",
      "timeFrameShift": "dynamic",
      "limit": 50
    },
    {
      "name": "User Sessions Query",
      "tileType": "DTAQL",
      "configured": true,
      "bounds": {
        "top": 304,
        "left": 1026,
        "width": 266,
        "height": 152
      },
      "tileFilter": {},
      "isAutoRefreshDisabled": false,
      "customName": "US format (1,500 ms = 1.5 sec)",
      "query": "select AVG(duration) AS \" \" from useraction WHERE usersession.applicationType NOT IS \"WEB_APPLICATION\"",
      "type": "SINGLE_VALUE",
      "timeFrameShift": "dynamic",
      "limit": 50
    },
    {
      "name": "User Sessions Query",
      "tileType": "DTAQL",
      "configured": true,
      "bounds": {
        "top": 304,
        "left": 1330,
        "width": 266,
        "height": 152
      },
      "tileFilter": {},
      "isAutoRefreshDisabled": false,
      "customName": " Errors HTTP",
      "query": "select count(*) as \" \"  from useraction where requestErrorCount  >=1  AND usersession.applicationType NOT IS \"WEB_APPLICATION\"",
      "type": "SINGLE_VALUE",
      "timeFrameShift": "dynamic",
      "limit": 50
    },
    {
      "name": "User Sessions Query",
      "tileType": "DTAQL",
      "configured": true,
      "bounds": {
        "top": 304,
        "left": 1634,
        "width": 266,
        "height": 152
      },
      "tileFilter": {},
      "isAutoRefreshDisabled": false,
      "customName": " User sessions with crashs",
      "query": "SELECT  COUNT(*) AS \" \" FROM usersession WHERE useraction.hasCrash = true AND usersession.applicationType NOT IS \"WEB_APPLICATION\"",
      "type": "SINGLE_VALUE",
      "timeFrameShift": "dynamic",
      "limit": 50
    },
    {
      "name": " ",
      "tileType": "DATA_EXPLORER",
      "configured": true,
      "bounds": {
        "top": 950,
        "left": 266,
        "width": 722,
        "height": 304
      },
      "tileFilter": {},
      "isAutoRefreshDisabled": false,
      "customName": " ",
      "queries": [
        {
          "id": "A",
          "timeAggregation": "DEFAULT",
          "splitBy": [
            "dt.entity.device_application"
          ],
          "metricSelector": "builtin:apps.other.apdex.osAndVersion:splitBy(\"dt.entity.device_application\"):value:auto:sort(value(avg,ascending)):limit(10)",
          "rate": "NONE",
          "enabled": true
        }
      ],
      "visualConfig": {
        "type": "HEATMAP",
        "global": {
          "hideLegend": true
        },
        "rules": [
          {
            "matcher": "A:",
            "unitTransform": "auto",
            "valueFormat": "auto",
            "properties": {
              "color": "DEFAULT",
              "seriesType": "AREA"
            },
            "seriesOverrides": []
          }
        ],
        "axes": {
          "xAxis": {
            "displayName": "",
            "visible": true
          },
          "yAxes": [
            {
              "displayName": "",
              "visible": true,
              "min": "AUTO",
              "max": "AUTO",
              "position": "LEFT",
              "queryIds": [
                "A"
              ],
              "defaultAxis": true
            }
          ]
        },
        "heatmapSettings": {
          "yAxis": "DIMENSIONS",
          "xAxisBuckets": 58
        },
        "thresholds": [
          {
            "axisTarget": "LEFT",
            "rules": [
              {
                "value": 0.85,
                "color": "#7dc540"
              },
              {
                "value": 0.5,
                "color": "#f5d30f"
              },
              {
                "value": 0,
                "color": "#dc172a"
              }
            ],
            "queryId": "",
            "visible": true
          }
        ],
        "tableSettings": {
          "isThresholdBackgroundAppliedToCell": false
        },
        "graphChartSettings": {
          "connectNulls": false
        },
        "honeycombSettings": {
          "showHive": true,
          "showLegend": true,
          "showLabels": false
        }
      },
      "queriesSettings": {
        "resolution": ""
      },
      "metricExpressions": [
        "resolution=null&(builtin:apps.other.apdex.osAndVersion:splitBy(\"dt.entity.device_application\"):value:auto:sort(value(avg,ascending)):limit(10)):limit(100):names"
      ]
    },
    {
      "name": "User Sessions Query",
      "tileType": "DTAQL",
      "configured": true,
      "bounds": {
        "top": 1710,
        "left": 342,
        "width": 342,
        "height": 304
      },
      "tileFilter": {},
      "isAutoRefreshDisabled": false,
      "customName": "Visits by OS",
      "query": "SELECT osVersion, count(*) from usersession WHERE usersession.applicationType NOT IS \"WEB_APPLICATION\" GROUP BY osVersion ORDER by count(*) DESC",
      "type": "PIE_CHART",
      "limit": 50
    },
    {
      "name": "User Sessions Query",
      "tileType": "DTAQL",
      "configured": true,
      "bounds": {
        "top": 1330,
        "left": 0,
        "width": 988,
        "height": 304
      },
      "tileFilter": {},
      "isAutoRefreshDisabled": false,
      "customName": " Top user actions Frustrated",
      "query": "SELECT top (useraction.name, 5) AS \"Name\", application AS \"Domaine\", COUNT(*) AS \"Frustrated user action\"  FROM useraction where  usersession.applicationType NOT IS \"WEB_APPLICATION\" and apdexCategory IS \"FRUSTRATED\"  GROUP BY useraction.name, application   ORDER BY  count(*) DESC",
      "type": "TABLE",
      "timeFrameShift": "dynamic",
      "limit": 50
    },
    {
      "name": "User Sessions Query",
      "tileType": "DTAQL",
      "configured": true,
      "bounds": {
        "top": 1330,
        "left": 1026,
        "width": 988,
        "height": 304
      },
      "tileFilter": {},
      "isAutoRefreshDisabled": false,
      "customName": " Top user actions with error",
      "query": "SELECT top (useraction.name, 5) AS \"Name\", application AS \"Domaine\", COUNT(*) AS \"User action with error\"  FROM useraction where  requestErrorCount  >= 1 AND usersession.applicationType NOT IS \"WEB_APPLICATION\" GROUP BY useraction.name, application ORDER BY  count(*) DESC",
      "type": "TABLE",
      "timeFrameShift": "dynamic",
      "limit": 50
    },
    {
      "name": "User Sessions Query",
      "tileType": "DTAQL",
      "configured": true,
      "bounds": {
        "top": 1710,
        "left": 1026,
        "width": 988,
        "height": 304
      },
      "tileFilter": {},
      "isAutoRefreshDisabled": false,
      "customName": "Slowest action duration",
      "query": "SELECT usersession.ip AS\"IP\", usersession.userType AS\"UserType\", name AS\"UserActionName\", duration AS \"Slowest action duration\", apdexCategory AS \"UserAction\", usersession.userExperienceScore AS \"UserSession\"  FROM useraction where usersession.applicationType NOT IS \"WEB_APPLICATION\" ORDER BY duration DESC ",
      "type": "TABLE",
      "limit": 50
    },
    {
      "name": "Key user action",
      "tileType": "HEADER",
      "configured": true,
      "bounds": {
        "top": 2014,
        "left": 0,
        "width": 494,
        "height": 38
      },
      "tileFilter": {},
      "isAutoRefreshDisabled": false
    },
    {
      "name": "Markdown",
      "tileType": "MARKDOWN",
      "configured": true,
      "bounds": {
        "top": 2052,
        "left": 0,
        "width": 988,
        "height": 38
      },
      "tileFilter": {},
      "isAutoRefreshDisabled": false,
      "markdown": "----"
    },
    {
      "name": "User Sessions Query",
      "tileType": "DTAQL",
      "configured": true,
      "bounds": {
        "top": 1710,
        "left": 0,
        "width": 342,
        "height": 304
      },
      "tileFilter": {},
      "isAutoRefreshDisabled": false,
      "customName": "Visits by city",
      "query": "SELECT city, count(*) from usersession where city is not null and applicationType NOT IS \"WEB_APPLICATION\" GROUP BY city ORDER by count(*) DESC",
      "type": "PIE_CHART",
      "limit": 50
    },
    {
      "name": "Action duration",
      "tileType": "DATA_EXPLORER",
      "configured": true,
      "bounds": {
        "top": 2090,
        "left": 342,
        "width": 342,
        "height": 304
      },
      "tileFilter": {},
      "isAutoRefreshDisabled": false,
      "customName": "Requests response times",
      "queries": [
        {
          "id": "A",
          "metric": "builtin:apps.other.keyUserActions.duration.os",
          "timeAggregation": "DEFAULT",
          "splitBy": [
            "dt.entity.device_application_method"
          ],
          "filterBy": {
            "nestedFilters": [],
            "criteria": []
          },
          "rate": "NONE",
          "enabled": true
        }
      ],
      "visualConfig": {
        "type": "TOP_LIST",
        "global": {},
        "rules": [
          {
            "matcher": "A",
            "properties": {
              "seriesType": "LINE"
            },
            "seriesOverrides": []
          },
          {
            "matcher": "A:",
            "properties": {
              "color": "DEFAULT"
            },
            "seriesOverrides": []
          }
        ],
        "axes": {
          "xAxis": {
            "visible": true
          },
          "yAxes": []
        },
        "heatmapSettings": {
          "yAxis": "VALUE"
        },
        "thresholds": [
          {
            "axisTarget": "LEFT",
            "rules": [
              {
                "color": "#7dc540"
              },
              {
                "color": "#f5d30f"
              },
              {
                "color": "#dc172a"
              }
            ],
            "visible": true
          }
        ],
        "tableSettings": {},
        "graphChartSettings": {
          "connectNulls": false
        },
        "honeycombSettings": {
          "showHive": true,
          "showLegend": true,
          "showLabels": false
        }
      },
      "queriesSettings": {
        "resolution": ""
      },
      "metricExpressions": [
        "resolution=Inf&(builtin:apps.other.keyUserActions.duration.os:splitBy(\"dt.entity.device_application_method\"):sort(value(auto,descending)):limit(20)):limit(100):names"
      ]
    },
    {
      "name": "Request",
      "nameSize": "medium",
      "tileType": "DATA_EXPLORER",
      "configured": true,
      "bounds": {
        "top": 2090,
        "left": 0,
        "width": 342,
        "height": 304
      },
      "tileFilter": {},
      "isAutoRefreshDisabled": false,
      "customName": "Request Errors",
      "queries": [
        {
          "id": "A",
          "metric": "builtin:apps.other.keyUserActions.requestCount.os",
          "spaceAggregation": "SUM",
          "timeAggregation": "DEFAULT",
          "splitBy": [
            "dt.entity.device_application_method"
          ],
          "sortBy": "DESC",
          "filterBy": {
            "nestedFilters": [],
            "criteria": []
          },
          "limit": 20,
          "rate": "NONE",
          "enabled": true
        }
      ],
      "visualConfig": {
        "type": "TOP_LIST",
        "global": {},
        "rules": [
          {
            "matcher": "A",
            "properties": {
              "seriesType": "AREA"
            },
            "seriesOverrides": []
          },
          {
            "matcher": "A:",
            "properties": {
              "color": "DEFAULT"
            },
            "seriesOverrides": []
          }
        ],
        "axes": {
          "xAxis": {
            "visible": true
          },
          "yAxes": []
        },
        "heatmapSettings": {
          "yAxis": "VALUE"
        },
        "thresholds": [
          {
            "axisTarget": "LEFT",
            "rules": [
              {
                "color": "#7dc540"
              },
              {
                "color": "#f5d30f"
              },
              {
                "color": "#dc172a"
              }
            ],
            "visible": true
          }
        ],
        "tableSettings": {},
        "graphChartSettings": {
          "connectNulls": false
        },
        "honeycombSettings": {
          "showHive": true,
          "showLegend": true,
          "showLabels": false
        }
      },
      "queriesSettings": {
        "resolution": ""
      },
      "metricExpressions": [
        "resolution=Inf&(builtin:apps.other.keyUserActions.requestCount.os:splitBy(\"dt.entity.device_application_method\"):sum:auto:sort(value(sum,descending)):limit(20)):limit(100):names"
      ]
    },
    {
      "name": "Error count",
      "tileType": "DATA_EXPLORER",
      "configured": true,
      "bounds": {
        "top": 2090,
        "left": 684,
        "width": 304,
        "height": 304
      },
      "tileFilter": {},
      "isAutoRefreshDisabled": false,
      "customName": "Requests response times",
      "queries": [
        {
          "id": "A",
          "metric": "builtin:apps.other.keyUserActions.reportedErrorCount.os",
          "spaceAggregation": "SUM",
          "timeAggregation": "DEFAULT",
          "splitBy": [
            "dt.entity.device_application_method"
          ],
          "filterBy": {
            "nestedFilters": [],
            "criteria": []
          },
          "rate": "NONE",
          "enabled": true
        }
      ],
      "visualConfig": {
        "type": "TOP_LIST",
        "global": {},
        "rules": [
          {
            "matcher": "A",
            "properties": {
              "seriesType": "LINE"
            },
            "seriesOverrides": []
          },
          {
            "matcher": "A:",
            "properties": {
              "color": "DEFAULT"
            },
            "seriesOverrides": []
          }
        ],
        "axes": {
          "xAxis": {
            "visible": true
          },
          "yAxes": []
        },
        "heatmapSettings": {
          "yAxis": "VALUE"
        },
        "thresholds": [
          {
            "axisTarget": "LEFT",
            "rules": [
              {
                "color": "#7dc540"
              },
              {
                "color": "#f5d30f"
              },
              {
                "color": "#dc172a"
              }
            ],
            "visible": true
          }
        ],
        "tableSettings": {},
        "graphChartSettings": {
          "connectNulls": false
        },
        "honeycombSettings": {
          "showHive": true,
          "showLegend": true,
          "showLabels": false
        }
      },
      "queriesSettings": {
        "resolution": ""
      },
      "metricExpressions": [
        "resolution=Inf&(builtin:apps.other.keyUserActions.reportedErrorCount.os:splitBy(\"dt.entity.device_application_method\"):sum:auto:sort(value(sum,descending)):limit(20)):limit(100):names"
      ]
    },
    {
      "name": "Error count by version [sum]",
      "tileType": "DATA_EXPLORER",
      "configured": true,
      "bounds": {
        "top": 1710,
        "left": 684,
        "width": 304,
        "height": 304
      },
      "tileFilter": {},
      "isAutoRefreshDisabled": false,
      "customName": "Requests response times",
      "queries": [
        {
          "id": "A",
          "metric": "builtin:apps.mobile.reportedErrorCount",
          "timeAggregation": "DEFAULT",
          "splitBy": [
            "App Version"
          ],
          "filterBy": {
            "nestedFilters": [],
            "criteria": []
          },
          "rate": "NONE",
          "enabled": true
        }
      ],
      "visualConfig": {
        "type": "TOP_LIST",
        "global": {},
        "rules": [
          {
            "matcher": "A",
            "properties": {
              "seriesType": "LINE"
            },
            "seriesOverrides": []
          },
          {
            "matcher": "A:",
            "properties": {
              "color": "DEFAULT"
            },
            "seriesOverrides": []
          }
        ],
        "axes": {
          "xAxis": {
            "visible": true
          },
          "yAxes": []
        },
        "heatmapSettings": {
          "yAxis": "VALUE"
        },
        "thresholds": [
          {
            "axisTarget": "LEFT",
            "rules": [
              {
                "color": "#7dc540"
              },
              {
                "color": "#f5d30f"
              },
              {
                "color": "#dc172a"
              }
            ],
            "visible": true
          }
        ],
        "tableSettings": {},
        "graphChartSettings": {
          "connectNulls": false
        },
        "honeycombSettings": {
          "showHive": true,
          "showLegend": true,
          "showLabels": false
        }
      },
      "queriesSettings": {
        "resolution": ""
      },
      "metricExpressions": [
        "resolution=Inf&(builtin:apps.mobile.reportedErrorCount:splitBy(\"App Version\"):sort(value(auto,descending)):limit(20)):limit(100):names"
      ]
    }
  ]
}